rail,n_seg,t_nuc_comsol_s,seconds_build,seconds_solve,seconds_total
0,40,7.554416621e+07,0.289,1.242,1.566
1,40,7.554416621e+07,0.270,1.218,1.525
2,40,8.441002852e+07,0.272,1.266,1.579
3,40,8.442222872e+07,0.291,1.305,1.632
4,40,1.134718271e+08,0.288,1.230,1.554
5,40,1.134718271e+08,0.279,1.183,1.501
6,40,1.312887347e+08,0.281,1.160,1.489
7,40,1.312887347e+08,0.293,1.137,1.465
8,40,1.506922160e+08,0.288,1.213,1.536
9,40,1.506922160e+08,0.270,1.140,1.450
10,40,1.532064321e+08,0.274,1.162,1.473
11,40,1.532064321e+08,0.293,1.214,1.542
12,40,1.603871833e+08,0.293,1.158,1.486
13,40,1.603871833e+08,0.274,1.094,1.407
14,40,1.649106367e+08,0.274,1.162,1.472
15,40,1.649106367e+08,0.302,1.161,1.501
16,40,1.722489950e+08,0.285,1.233,1.554
17,40,1.722489950e+08,0.272,1.181,1.494
18,40,1.852903423e+08,0.272,1.126,1.433
19,40,1.852903423e+08,0.308,1.139,1.481
20,40,1.904955739e+08,0.298,1.184,1.518
21,40,1.904955739e+08,0.272,1.121,1.427
22,40,2.014381679e+08,0.322,1.233,1.593
23,40,2.014381679e+08,0.343,1.229,1.607
24,40,2.898480977e+08,0.291,1.113,1.441
25,40,2.898481001e+08,0.275,1.069,1.384
26,40,3.952405857e+08,0.271,0.980,1.285
27,40,3.952405857e+08,0.277,0.966,1.284
28,40,4.366014786e+08,0.296,1.089,1.419
29,40,4.366014786e+08,0.286,1.076,1.395
30,40,4.499926686e+08,0.305,1.109,1.448
31,40,4.499926686e+08,0.307,1.072,1.417
32,40,4.584168770e+08,0.325,1.045,1.404
33,40,4.584168770e+08,0.283,0.991,1.315
34,40,4.801637987e+08,0.308,1.114,1.456
35,40,4.801637987e+08,0.352,1.100,1.493
36,40,4.806809973e+08,0.288,1.170,1.497
37,40,4.806809973e+08,0.278,1.140,1.460
38,40,4.820863808e+08,0.267,1.132,1.434
39,40,4.820863808e+08,0.262,1.127,1.425
40,40,4.835064941e+08,0.274,1.222,1.541
41,40,4.835064941e+08,0.293,1.117,1.445
42,40,4.848834667e+08,0.277,1.110,1.423
43,40,4.848834667e+08,0.280,1.085,1.404
44,40,4.858164366e+08,0.292,1.179,1.511
45,40,4.858164366e+08,0.275,1.074,1.388
46,40,4.869379691e+08,0.318,1.071,1.426
47,40,4.869379691e+08,0.327,1.087,1.451
48,40,4.885960284e+08,0.305,1.158,1.497
49,40,4.886161761e+08,0.283,1.108,1.433
50,40,4.891260650e+08,0.299,1.107,1.444
51,40,4.891260650e+08,0.353,1.093,1.482
52,40,4.949514906e+08,0.305,1.150,1.500
53,40,4.949514906e+08,0.278,1.128,1.445
54,40,5.023568389e+08,0.311,1.042,1.389
55,40,5.023568389e+08,0.313,1.017,1.365
56,40,5.059576182e+08,0.348,1.175,1.562
57,40,5.059576943e+08,0.296,1.111,1.445
58,40,5.071251305e+08,0.265,1.048,1.350
59,40,5.071251304e+08,0.281,1.028,1.345
60,40,5.170233088e+08,0.301,1.133,1.468
61,40,5.170233087e+08,0.294,1.138,1.468
62,40,5.489684860e+08,0.295,1.086,1.416
63,40,5.489684860e+08,0.295,1.115,1.445
64,40,5.541530692e+08,0.306,1.129,1.478
65,40,5.541530957e+08,0.259,1.089,1.384
66,40,5.675508325e+08,0.304,1.027,1.369
67,40,5.675527222e+08,0.332,1.095,1.462
68,40,5.886595227e+08,0.294,1.093,1.422
69,40,5.886595227e+08,0.272,1.032,1.341
70,40,5.897825501e+08,0.284,1.056,1.374
71,40,5.897865260e+08,0.278,1.050,1.375
72,40,6.171171838e+08,0.277,1.128,1.452
73,40,6.171173231e+08,0.301,1.059,1.396
74,40,6.817858443e+08,0.303,1.049,1.387
75,40,6.817859054e+08,0.331,1.101,1.472
76,40,7.063946361e+08,0.297,1.172,1.511
77,40,7.065179566e+08,0.285,1.103,1.424
78,40,7.941420806e+08,0.316,1.011,1.361
79,40,7.941420806e+08,0.347,0.939,1.333
80,40,8.435182930e+08,0.328,1.004,1.366
81,40,8.435182930e+08,0.295,0.901,1.231
82,40,8.591564138e+08,0.280,1.021,1.336
83,40,8.591564138e+08,0.265,1.100,1.402
84,40,8.831075249e+08,0.303,1.168,1.511
85,40,8.831081560e+08,0.300,1.075,1.408
86,40,9.313192144e+08,0.269,0.983,1.296
87,40,9.313192144e+08,0.286,0.953,1.277
88,40,9.691774195e+08,0.301,1.058,1.394
89,40,9.691774195e+08,0.299,1.035,1.371
90,40,9.740389120e+08,0.263,1.037,1.337
91,40,9.740389120e+08,0.264,1.019,1.318
92,40,9.804127563e+08,0.302,1.037,1.381
93,40,9.805896948e+08,0.303,0.981,1.317
94,40,9.807145950e+08,0.285,0.976,1.299
95,40,9.807145950e+08,0.284,0.981,1.299
96,40,9.874498613e+08,0.304,1.118,1.457
97,40,9.874498613e+08,0.280,1.079,1.398
98,40,1.010502837e+09,0.317,0.972,1.329
99,40,1.010502837e+09,0.336,0.978,1.348
100,40,1.017395564e+09,0.302,1.036,1.373
101,40,1.017395564e+09,0.277,0.939,1.256
102,40,1.054754762e+09,0.299,1.120,1.457
103,40,1.054754762e+09,0.341,1.130,1.508
104,40,1.057168022e+09,0.287,1.185,1.506
105,40,1.057168022e+09,0.285,1.092,1.415
106,40,1.070521202e+09,0.266,1.057,1.361
107,40,1.070521202e+09,0.283,1.063,1.381
108,40,1.075324451e+09,0.305,1.125,1.464
109,40,1.075324451e+09,0.300,1.068,1.402
110,40,1.078704693e+09,0.284,1.098,1.417
111,40,1.078727214e+09,0.265,1.071,1.376
112,40,1.090875493e+09,0.288,1.025,1.347
113,40,1.090877288e+09,0.306,0.949,1.290
114,40,1.164242597e+09,0.286,0.973,1.302
115,40,1.164242597e+09,0.289,0.978,1.303
116,40,1.189718627e+09,0.295,1.043,1.371
117,40,1.189733106e+09,0.303,1.005,1.344
118,40,1.333799868e+09,0.307,0.942,1.291
119,40,1.333799868e+09,0.341,0.932,1.306
120,40,1.416666585e+09,0.305,1.204,1.543
121,40,1.416677121e+09,0.286,1.095,1.416
122,40,1.522135855e+09,0.322,0.915,1.270
123,40,1.522135855e+09,0.301,0.922,1.259
124,40,1.846058701e+09,0.321,1.043,1.398
125,40,1.846058701e+09,0.304,0.932,1.273
126,40,2.434486099e+09,0.297,0.984,1.317
127,40,2.434590295e+09,0.280,0.938,1.257
128,40,Inf,0.299,0.904,1.242
129,40,Inf,0.308,0.957,1.299
130,40,Inf,0.267,0.933,1.233
131,40,Inf,0.284,0.912,1.249
132,40,Inf,0.269,1.054,1.357
133,40,Inf,0.283,0.968,1.289
134,40,Inf,0.305,0.891,1.236
135,40,Inf,0.347,0.993,1.379
136,40,Inf,0.341,1.053,1.441
137,40,Inf,0.304,0.951,1.288
138,40,Inf,0.280,0.950,1.265
139,40,Inf,0.284,0.901,1.219
140,40,Inf,0.339,1.006,1.388
141,40,Inf,0.300,1.018,1.351
142,40,Inf,0.313,1.006,1.355
143,40,Inf,0.337,0.944,1.315
144,40,Inf,0.346,1.027,1.409
145,40,Inf,0.305,0.933,1.272
146,40,Inf,0.318,0.911,1.264
147,40,Inf,0.335,0.932,1.303
148,40,Inf,0.383,1.047,1.465
149,40,Inf,0.303,0.890,1.227
150,40,Inf,0.301,0.873,1.211
151,40,Inf,0.341,0.952,1.327
152,40,Inf,0.335,1.033,1.401
153,40,Inf,0.309,0.899,1.245
154,40,Inf,0.310,0.963,1.306
155,40,Inf,0.336,0.895,1.270
156,40,Inf,0.336,0.981,1.351
157,40,Inf,0.305,0.979,1.320
158,40,Inf,0.310,1.006,1.352
159,40,Inf,0.336,0.972,1.343
160,40,Inf,0.333,1.052,1.419
161,40,Inf,0.304,0.997,1.335
162,40,Inf,0.281,0.900,1.216
163,40,Inf,0.306,1.005,1.346
164,40,Inf,0.313,1.057,1.410
165,40,Inf,0.263,0.906,1.207
166,40,Inf,0.286,0.935,1.257
167,40,Inf,0.284,0.967,1.287
168,40,Inf,0.313,0.983,1.334
169,40,Inf,0.277,0.913,1.224
170,40,Inf,0.283,0.956,1.274
171,40,Inf,0.289,0.958,1.288
172,40,Inf,0.299,0.960,1.301
173,40,Inf,0.283,0.974,1.291
174,40,Inf,0.284,0.908,1.225
175,40,Inf,0.302,0.954,1.293
176,40,Inf,0.322,0.987,1.343
177,40,Inf,0.304,0.970,1.307
178,40,Inf,0.285,0.927,1.247
179,40,Inf,0.268,0.972,1.279
180,40,Inf,0.305,0.947,1.285
181,40,Inf,0.281,1.009,1.326
182,40,Inf,0.266,0.955,1.259
183,40,Inf,0.306,0.956,1.297
184,40,Inf,0.355,1.004,1.393
185,40,Inf,0.306,0.924,1.265
186,40,Inf,0.298,0.945,1.277
187,40,Inf,0.350,0.981,1.367
188,40,Inf,0.338,0.961,1.333
189,40,Inf,0.304,0.927,1.266
190,40,Inf,0.266,0.879,1.179
191,40,Inf,0.282,0.875,1.193
192,40,Inf,0.355,0.846,1.238
193,40,Inf,0.341,0.999,1.375
194,40,Inf,0.302,0.907,1.243
195,40,Inf,0.303,1.020,1.357
196,40,Inf,0.325,0.888,1.249
197,40,Inf,0.261,0.978,1.275
198,40,Inf,0.275,0.889,1.198
199,40,Inf,0.282,0.934,1.251
200,40,Inf,0.349,0.891,1.274
201,40,Inf,0.300,0.975,1.309
202,40,Inf,0.286,0.858,1.177
203,40,Inf,0.288,0.960,1.283
204,40,Inf,0.301,0.842,1.177
205,40,Inf,0.343,0.983,1.361
206,40,Inf,0.302,0.876,1.212
207,40,Inf,0.269,0.945,1.247
208,40,Inf,0.308,0.796,1.141
209,40,Inf,0.341,0.847,1.221
210,40,Inf,0.307,1.021,1.363
211,40,Inf,0.286,0.843,1.164
212,40,Inf,0.294,0.895,1.222
213,40,Inf,0.328,0.876,1.238
214,40,Inf,0.347,0.995,1.379
215,40,Inf,0.313,0.861,1.208
216,40,Inf,0.302,0.904,1.242
217,40,Inf,0.346,0.847,1.227
218,40,Inf,0.346,1.036,1.428
219,40,Inf,0.314,0.936,1.284
220,40,Inf,0.313,1.011,1.365
221,40,Inf,0.346,1.016,1.397
222,40,Inf,0.348,1.086,1.468
223,40,Inf,0.305,1.028,1.368
224,40,Inf,0.311,1.034,1.378
225,40,Inf,0.351,0.961,1.353
226,40,Inf,0.348,1.031,1.414
227,40,Inf,0.314,0.911,1.261
228,40,Inf,0.308,0.932,1.282
229,40,Inf,0.310,0.815,1.160
230,40,Inf,0.323,0.925,1.283
231,40,Inf,0.324,0.841,1.199
232,40,Inf,0.330,0.873,1.237
233,40,Inf,0.319,0.792,1.150
234,40,Inf,0.291,0.948,1.274
235,40,Inf,0.308,0.960,1.303
236,40,Inf,0.284,0.951,1.274
237,40,Inf,0.299,0.860,1.198
238,40,Inf,0.302,0.919,1.255
239,40,Inf,0.305,0.926,1.271
240,40,Inf,0.286,0.891,1.222
241,40,Inf,0.270,0.828,1.139
242,40,Inf,0.310,0.894,1.238
243,40,Inf,0.311,0.812,1.165
244,40,Inf,0.315,1.003,1.363
245,40,Inf,0.313,0.860,1.207
