rail,die,kind,index,n_seg,t_nuc_fdm_s,t_nuc_stackem_s
0,D2,V,14,40,7.539971385e+07,7.589702650e+07
1,D2,H,14,40,7.539971385e+07,7.589702650e+07
2,D2,H,18,40,8.420387321e+07,8.496400681e+07
3,D2,V,18,40,8.421569592e+07,8.497714413e+07
4,D2,V,10,40,1.131616994e+08,1.140809471e+08
5,D2,H,10,40,1.131616994e+08,1.140809471e+08
6,D1,V,38,40,1.314658879e+08,1.308560796e+08
7,D1,H,38,40,1.314658879e+08,1.308560796e+08
8,D2,H,2,40,1.508834947e+08,1.503225955e+08
9,D2,V,2,40,1.508834947e+08,1.503225955e+08
10,D2,H,22,40,1.531023452e+08,1.555475496e+08
11,D2,V,22,40,1.531023452e+08,1.555475496e+08
12,D1,H,34,40,1.605313794e+08,1.598317018e+08
13,D1,V,34,40,1.605313794e+08,1.598317018e+08
14,D2,V,6,40,1.651413913e+08,1.647492840e+08
15,D2,H,6,40,1.651413913e+08,1.647492840e+08
16,D2,H,26,40,1.725823822e+08,1.723693446e+08
17,D2,V,26,40,1.725823822e+08,1.723693446e+08
18,D2,H,38,40,1.856161432e+08,1.853654699e+08
19,D2,V,38,40,1.856161432e+08,1.853654699e+08
20,D2,H,30,40,1.907750318e+08,1.903771428e+08
21,D2,V,30,40,1.907750318e+08,1.903771428e+08
22,D2,H,34,40,2.016039996e+08,2.008412190e+08
23,D2,V,34,40,2.016039996e+08,2.008412190e+08
24,D1,V,30,40,2.906482947e+08,2.901160517e+08
25,D1,H,30,40,2.906482965e+08,2.901160557e+08
26,D1,H,37,40,3.954155008e+08,3.970460798e+08
27,D1,V,37,40,3.954155008e+08,3.970460798e+08
28,D1,V,39,40,4.369753170e+08,4.385621588e+08
29,D1,H,39,40,4.369753170e+08,4.385621588e+08
30,D2,H,3,40,4.504629691e+08,4.503785511e+08
31,D2,V,3,40,4.504629691e+08,4.503785511e+08
32,D1,V,35,40,4.587372980e+08,4.603212276e+08
33,D1,H,35,40,4.587372980e+08,4.603212276e+08
34,D2,H,15,40,4.804389685e+08,4.799646793e+08
35,D2,V,15,40,4.804389685e+08,4.799646793e+08
36,D2,H,17,40,4.809574936e+08,4.804740503e+08
37,D2,V,17,40,4.809574936e+08,4.804740503e+08
38,D2,V,13,40,4.823677431e+08,4.818655618e+08
39,D2,H,13,40,4.823677431e+08,4.818655618e+08
40,D2,V,19,40,4.837871905e+08,4.832553530e+08
41,D2,H,19,40,4.837871905e+08,4.832553530e+08
42,D2,V,11,40,4.851666459e+08,4.846208639e+08
43,D2,H,11,40,4.851666459e+08,4.846208639e+08
44,D2,H,5,40,4.861168160e+08,4.855928342e+08
45,D2,V,5,40,4.861168160e+08,4.855928342e+08
46,D2,H,7,40,4.872264736e+08,4.866682747e+08
47,D2,V,7,40,4.872264736e+08,4.866682747e+08
48,D2,V,21,40,4.888610745e+08,4.882758727e+08
49,D2,H,21,40,4.888811255e+08,4.882962294e+08
50,D2,H,9,40,4.893928476e+08,4.888096748e+08
51,D2,V,9,40,4.893928476e+08,4.888096748e+08
52,D2,V,23,40,4.951566595e+08,4.945402598e+08
53,D2,H,23,40,4.951566595e+08,4.945402598e+08
54,D1,H,33,40,5.024998344e+08,5.038844889e+08
55,D1,V,33,40,5.024998344e+08,5.038844889e+08
56,D2,H,25,40,5.061406923e+08,5.054402559e+08
57,D2,V,25,40,5.061407665e+08,5.054403650e+08
58,D2,V,1,40,5.073331510e+08,5.065707392e+08
59,D2,H,1,40,5.073331510e+08,5.065707392e+08
60,D2,H,27,40,5.172209100e+08,5.164879164e+08
61,D2,V,27,40,5.172209100e+08,5.164879164e+08
62,D2,V,37,40,5.493257155e+08,5.485235992e+08
63,D2,H,37,40,5.493257155e+08,5.485235992e+08
64,D2,H,29,40,5.544351747e+08,5.535759371e+08
65,D2,V,29,40,5.544351976e+08,5.535759656e+08
66,D2,V,31,40,5.678465009e+08,5.669890442e+08
67,D2,H,31,40,5.678485196e+08,5.669910269e+08
68,D2,V,33,40,5.889364964e+08,5.881287294e+08
69,D2,H,33,40,5.889364964e+08,5.881287294e+08
70,D2,V,35,40,5.900768685e+08,5.893035576e+08
71,D2,H,35,40,5.900807823e+08,5.893083869e+08
72,D2,H,39,40,6.173223438e+08,6.167423244e+08
73,D2,V,39,40,6.173224788e+08,6.167424554e+08
74,D3,H,15,40,6.787354312e+08,6.946477898e+08
75,D3,V,15,40,6.787354786e+08,6.946478667e+08
76,D3,V,13,40,7.027049872e+08,7.184505476e+08
77,D3,H,13,40,7.028285398e+08,7.186164690e+08
78,D1,H,31,40,7.943784893e+08,7.953229440e+08
79,D1,V,31,40,7.943784893e+08,7.953229440e+08
80,D1,V,36,40,8.424541862e+08,8.420005038e+08
81,D1,H,36,40,8.424541862e+08,8.420005038e+08
82,D1,V,26,40,8.582564365e+08,8.562493286e+08
83,D1,H,26,40,8.582564365e+08,8.562493286e+08
84,D3,H,17,40,8.787202408e+08,8.891786307e+08
85,D3,V,17,40,8.787208064e+08,8.891787465e+08
86,D2,H,4,40,9.302423252e+08,9.257848222e+08
87,D2,V,4,40,9.302423252e+08,9.257848222e+08
88,D2,H,16,40,9.684900915e+08,9.650774362e+08
89,D2,V,16,40,9.684900915e+08,9.650774362e+08
90,D2,V,12,40,9.735397579e+08,9.703821157e+08
91,D2,H,12,40,9.735397579e+08,9.703821157e+08
92,D2,V,20,40,9.801152209e+08,9.772081810e+08
93,D2,H,20,40,9.802977182e+08,9.773919402e+08
94,D2,H,8,40,9.804625434e+08,9.777473737e+08
95,D2,V,8,40,9.804625434e+08,9.777473737e+08
96,D1,V,2,40,9.874165358e+08,9.848573387e+08
97,D1,H,2,40,9.874165358e+08,9.848573387e+08
98,D2,H,24,40,1.010299943e+09,1.008785519e+09
99,D2,V,24,40,1.010299943e+09,1.008785519e+09
100,D1,H,29,40,1.016847565e+09,1.016470824e+09
101,D1,V,29,40,1.016847565e+09,1.016470824e+09
102,D1,H,14,40,1.052223897e+09,1.046682379e+09
103,D1,V,14,40,1.052223897e+09,1.046682379e+09
104,D1,V,18,40,1.054579693e+09,1.055214301e+09
105,D1,H,18,40,1.054579693e+09,1.055214301e+09
106,D1,H,10,40,1.067664574e+09,1.068554982e+09
107,D1,V,10,40,1.067664574e+09,1.068554982e+09
108,D1,H,6,40,1.072562967e+09,1.073344373e+09
109,D1,V,6,40,1.072562967e+09,1.073344373e+09
110,D1,V,22,40,1.075561347e+09,1.076691277e+09
111,D1,H,22,40,1.075583389e+09,1.076707428e+09
112,D2,H,28,40,1.088599793e+09,1.088862035e+09
113,D2,V,28,40,1.088601552e+09,1.088863966e+09
114,D2,H,36,40,1.162116654e+09,1.162070321e+09
115,D2,V,36,40,1.162116654e+09,1.162070321e+09
116,D2,V,32,40,1.187884975e+09,1.187251663e+09
117,D2,H,32,40,1.187899716e+09,1.187267122e+09
118,D1,V,32,40,1.330499538e+09,1.319701053e+09
119,D1,H,32,40,1.330499538e+09,1.319701053e+09
120,D3,V,11,40,1.409980655e+09,1.394636248e+09
121,D3,H,11,40,1.409991481e+09,1.394658457e+09
122,D1,V,40,40,1.519624024e+09,1.505775270e+09
123,D1,H,40,40,1.519624024e+09,1.505775270e+09
124,D2,V,0,40,1.840258712e+09,1.833712714e+09
125,D2,H,0,40,1.840258712e+09,1.833712714e+09
126,D2,V,40,40,2.430220847e+09,2.413780236e+09
127,D2,H,40,40,2.430329339e+09,2.413954648e+09
128,D1,H,0,40,inf,inf
129,D1,H,1,40,inf,inf
130,D1,H,3,40,inf,inf
131,D1,H,4,40,inf,inf
132,D1,H,5,40,inf,inf
133,D1,H,7,40,inf,inf
134,D1,H,8,40,inf,inf
135,D1,H,9,40,inf,inf
136,D1,H,11,40,inf,inf
137,D1,H,12,40,inf,inf
138,D1,H,13,40,inf,inf
139,D1,H,15,40,inf,inf
140,D1,H,16,40,inf,inf
141,D1,H,17,40,inf,inf
142,D1,H,19,40,inf,inf
143,D1,H,20,40,inf,inf
144,D1,H,21,40,inf,inf
145,D1,H,23,40,inf,inf
146,D1,H,24,40,inf,inf
147,D1,H,25,40,inf,inf
148,D1,H,27,40,inf,inf
149,D1,H,28,40,inf,inf
150,D1,V,0,40,inf,inf
151,D1,V,1,40,inf,inf
152,D1,V,3,40,inf,inf
153,D1,V,4,40,inf,inf
154,D1,V,5,40,inf,inf
155,D1,V,7,40,inf,inf
156,D1,V,8,40,inf,inf
157,D1,V,9,40,inf,inf
158,D1,V,11,40,inf,inf
159,D1,V,12,40,inf,inf
160,D1,V,13,40,inf,inf
161,D1,V,15,40,inf,inf
162,D1,V,16,40,inf,inf
163,D1,V,17,40,inf,inf
164,D1,V,19,40,inf,inf
165,D1,V,20,40,inf,inf
166,D1,V,21,40,inf,inf
167,D1,V,23,40,inf,inf
168,D1,V,24,40,inf,inf
169,D1,V,25,40,inf,inf
170,D1,V,27,40,inf,inf
171,D1,V,28,40,inf,inf
172,D3,H,0,40,inf,inf
173,D3,H,1,40,inf,inf
174,D3,H,2,40,inf,inf
175,D3,H,3,40,inf,inf
176,D3,H,4,40,inf,inf
177,D3,H,5,40,inf,inf
178,D3,H,6,40,inf,inf
179,D3,H,7,40,inf,inf
180,D3,H,8,40,inf,inf
181,D3,H,9,40,inf,inf
182,D3,H,10,40,inf,inf
183,D3,H,12,40,inf,inf
184,D3,H,14,40,inf,inf
185,D3,H,16,40,inf,inf
186,D3,H,18,40,inf,inf
187,D3,H,19,40,inf,inf
188,D3,H,20,40,inf,inf
189,D3,H,21,40,inf,inf
190,D3,H,22,40,inf,inf
191,D3,H,23,40,inf,inf
192,D3,H,24,40,inf,inf
193,D3,H,25,40,inf,inf
194,D3,H,26,40,inf,inf
195,D3,H,27,40,inf,inf
196,D3,H,28,40,inf,inf
197,D3,H,29,40,inf,inf
198,D3,H,30,40,inf,inf
199,D3,H,31,40,inf,inf
200,D3,H,32,40,inf,inf
201,D3,H,33,40,inf,inf
202,D3,H,34,40,inf,inf
203,D3,H,35,40,inf,inf
204,D3,H,36,40,inf,inf
205,D3,H,37,40,inf,inf
206,D3,H,38,40,inf,inf
207,D3,H,39,40,inf,inf
208,D3,H,40,40,inf,inf
209,D3,V,0,40,inf,inf
210,D3,V,1,40,inf,inf
211,D3,V,2,40,inf,inf
212,D3,V,3,40,inf,inf
213,D3,V,4,40,inf,inf
214,D3,V,5,40,inf,inf
215,D3,V,6,40,inf,inf
216,D3,V,7,40,inf,inf
217,D3,V,8,40,inf,inf
218,D3,V,9,40,inf,inf
219,D3,V,10,40,inf,inf
220,D3,V,12,40,inf,inf
221,D3,V,14,40,inf,inf
222,D3,V,16,40,inf,inf
223,D3,V,18,40,inf,inf
224,D3,V,19,40,inf,inf
225,D3,V,20,40,inf,inf
226,D3,V,21,40,inf,inf
227,D3,V,22,40,inf,inf
228,D3,V,23,40,inf,inf
229,D3,V,24,40,inf,inf
230,D3,V,25,40,inf,inf
231,D3,V,26,40,inf,inf
232,D3,V,27,40,inf,inf
233,D3,V,28,40,inf,inf
234,D3,V,29,40,inf,inf
235,D3,V,30,40,inf,inf
236,D3,V,31,40,inf,inf
237,D3,V,32,40,inf,inf
238,D3,V,33,40,inf,inf
239,D3,V,34,40,inf,inf
240,D3,V,35,40,inf,inf
241,D3,V,36,40,inf,inf
242,D3,V,37,40,inf,inf
243,D3,V,38,40,inf,inf
244,D3,V,39,40,inf,inf
245,D3,V,40,40,inf,inf
