epoch,lr,train_mse,train_pde,val_rel_l2_sG,val_rel_l2_sM,val_rel_l2_a,seconds
0,0.0002001122334455668,0.3107469533596242,0.0,0.18747098743915558,0.40157651901245117,0.07346633076667786,4.522609233856201
1,0.0004001122334455668,0.030312655897085646,0.0,0.07520527392625809,0.15956948697566986,0.03949706628918648,9.035524129867554
2,0.0006001122334455668,0.007658470606517076,0.0,0.05153511092066765,0.1032593697309494,0.02711876854300499,13.481427192687988
3,0.0008001122334455669,0.005277669792587207,0.0,0.049514587968587875,0.12240322679281235,0.0269475020468235,18.04431962966919
4,0.001,0.004432076257580367,0.0,0.03670284524559975,0.10131550580263138,0.020079556852579117,22.521546125411987
5,0.000999971931008293,0.004041425131708718,0.0,0.03294915705919266,0.11208217591047287,0.023399565368890762,27.023637771606445
6,0.0009998877272164774,0.0038373775578466663,0.0,0.032169733196496964,0.09962829202413559,0.01811607927083969,31.59168004989624
7,0.0009997473981741118,0.0036745056469206657,0.0,0.025035470724105835,0.09284698218107224,0.01541223656386137,36.13505530357361
8,0.0009995509597959217,0.003271602257886561,0.0,0.025463512167334557,0.08286818116903305,0.016882045194506645,40.71114492416382
9,0.0009992984343599972,0.002918226032791707,0.0,0.02791035920381546,0.10913192480802536,0.01866261661052704,45.14869546890259
10,0.0009989898505052648,0.0026959512061917657,0.0,0.039621394127607346,0.0837482362985611,0.017958471551537514,49.746747732162476
11,0.0009986252432282404,0.0024914337001614457,0.0,0.019625501707196236,0.05915664881467819,0.009873317554593086,54.13152503967285
12,0.00099820465387906,0.0023346060728753563,0.0,0.018222283571958542,0.11133839190006256,0.010458332486450672,58.692469120025635
13,0.00099772813015679,0.0022432959122310457,0.0,0.018658988177776337,0.06939058005809784,0.01274985633790493,63.242854833602905
14,0.0009971957261040178,0.00223621099408717,0.0,0.023727180436253548,0.07879438996315002,0.014945887960493565,67.79567193984985
15,0.0009966075021007232,0.0019518912702369765,0.0,0.015163025818765163,0.05357476323843002,0.009767654351890087,72.33808827400208
16,0.00099596352485743,0.0019411136221214314,0.0,0.021856078878045082,0.09001895785331726,0.012970168143510818,76.90297150611877
17,0.0009952638674076406,0.0017538211646592496,0.0,0.020082896575331688,0.06989814341068268,0.010166441090404987,81.47345638275146
18,0.000994508609099554,0.0016631423641065726,0.0,0.020380543544888496,0.06702317297458649,0.01403381023555994,85.85533237457275
19,0.0009936978355870657,0.0016426291787863879,0.0,0.019832225516438484,0.07308397442102432,0.013996231369674206,90.39759707450867
20,0.0009928316388200544,0.0015594414524990369,0.0,0.017465464770793915,0.10480401664972305,0.010491512715816498,94.76553845405579
21,0.000991910117033954,0.0014973114474988035,0.0,0.01232264842838049,0.04344950616359711,0.008088774047791958,99.29933857917786
22,0.0009909333747386126,0.0014351968518907113,0.0,0.014392869547009468,0.050329286605119705,0.009322257712483406,103.71492409706116
23,0.0009899015227064398,0.0013648553263209448,0.0,0.02036743238568306,0.08505396544933319,0.016862710937857628,108.12969493865967
24,0.000988814677959844,0.0013442636218876291,0.0,0.018677612766623497,0.07775825262069702,0.010912963189184666,112.74149370193481
25,0.0009876729637579614,0.0013263925974213912,0.0,0.01846190169453621,0.06518206745386124,0.011034972965717316,117.17756247520447
26,0.000986476509582677,0.0011450458458222618,0.0,0.013070766814053059,0.048249099403619766,0.007864665240049362,121.71053409576416
27,0.0009852254511239391,0.0011812339043093156,0.0,0.013247773051261902,0.05380307137966156,0.00904121808707714,126.20880508422852
28,0.0009839199302643722,0.0011527549557124686,0.0,0.015191605314612389,0.060890503227710724,0.012686035595834255,130.66586780548096
29,0.0009825600950631853,0.0011267772079927546,0.0,0.009501372464001179,0.042011845856904984,0.00670052831992507,135.17228293418884
30,0.0009811460997393802,0.0011393553213892252,0.0,0.0173861812800169,0.06779927015304565,0.009388362057507038,139.56892251968384
31,0.0009796781046542617,0.0011138663817705078,0.0,0.010608616285026073,0.050713006407022476,0.007710623554885387,144.09931778907776
32,0.000978156276293252,0.0010869840779440404,0.0,0.010624781250953674,0.05075768381357193,0.008054278790950775,148.4631724357605
33,0.000976580787247008,0.0010167858196707552,0.0,0.014488939195871353,0.05692785605788231,0.009640462696552277,153.01817560195923
34,0.0009749518161918488,0.0009857276016703883,0.0,0.008724572136998177,0.04914163798093796,0.005496243014931679,157.43972396850586
35,0.0009732695478694917,0.0010102925744299922,0.0,0.011449594050645828,0.04953981935977936,0.007512597367167473,161.99499130249023
36,0.0009715341730661008,0.0009030734544437521,0.0,0.009113683365285397,0.045998357236385345,0.0058107986114919186,166.51062893867493
37,0.0009697458885906495,0.0009143395048888754,0.0,0.008866341784596443,0.0409407764673233,0.005573484115302563,171.0230917930603
38,0.0009679048972526011,0.0008893009685068762,0.0,0.00807765033096075,0.04028010740876198,0.005730240140110254,175.54999542236328
39,0.0009660114078389076,0.0008627830129370901,0.0,0.009112635627388954,0.04335588216781616,0.005773030687123537,179.9674322605133
40,0.0009640656350903309,0.0008699842623577246,0.0,0.012154710479080677,0.03971540555357933,0.007644896861165762,184.5001938343048
41,0.00096206779967709,0.0008189342908009073,0.0,0.009449671022593975,0.04280545562505722,0.0054958295077085495,188.86492109298706
42,0.0009600181281738338,0.0008228937789371058,0.0,0.013358134776353836,0.06716369837522507,0.006664557382464409,193.41293287277222
43,0.0009579168530339461,0.0008603366165897234,0.0,0.012964054010808468,0.03513934090733528,0.007995573803782463,197.7921221256256
44,0.0009557642125631821,0.0008907124103825276,0.0,0.010046220384538174,0.05815567076206207,0.00762917660176754,202.30307507514954
45,0.000953560450892643,0.0007632082882936987,0.0,0.009909430518746376,0.036504898220300674,0.006154251284897327,206.77363801002502
46,0.0009513058179510886,0.0007565172279103869,0.0,0.012873449362814426,0.04299440607428551,0.006948500871658325,211.27606201171875
47,0.0009490005694365932,0.000814296014925233,0.0,0.011044278740882874,0.04651692882180214,0.008120769634842873,215.80714344978333
48,0.0009466449667875461,0.0007325558299526696,0.0,0.011813564226031303,0.061155449599027634,0.006887562572956085,220.28337240219116
49,0.000944239277153003,0.0007102404954042557,0.0,0.008051267825067043,0.04476623237133026,0.005092309787869453,224.8314323425293
50,0.0009417837733623875,0.0006732753510189394,0.0,0.02281557023525238,0.08347377926111221,0.0068928455002605915,229.1902048587799
51,0.0009392787338945506,0.0007416566905437386,0.0,0.009929354302585125,0.038430001586675644,0.005283397622406483,233.7266390323639
52,0.0009367244428461871,0.0006744938502795696,0.0,0.007535875774919987,0.029989007860422134,0.00462094834074378,238.09266257286072
53,0.0009341211898996175,0.000667089991783083,0.0,0.010607322677969933,0.044535160064697266,0.0053196679800748825,242.58477115631104
54,0.0009314692702899341,0.0006741962645318311,0.0,0.012314287014305592,0.042133647948503494,0.006502602715045214,247.01691126823425
55,0.0009287689847715186,0.0006181231066557149,0.0,0.009156792424619198,0.05269676446914673,0.005937118548899889,251.54957556724548
56,0.0009260206395839345,0.0006349177045819369,0.0,0.013848845846951008,0.05409300699830055,0.010725163854658604,256.0645730495453
57,0.0009232245464171944,0.000613681820493371,0.0,0.010936620645225048,0.03894968330860138,0.004943015519529581,260.49501037597656
58,0.0009203810223764133,0.0006367265987004517,0.0,0.011698677204549313,0.047967784106731415,0.005399028304964304,265.0592429637909
59,0.0009174903899458449,0.0005587295293712277,0.0,0.006800261791795492,0.02876458130776882,0.006374457851052284,269.6031355857849
60,0.0009145529769523081,0.0006467320686368889,0.0,0.01380571722984314,0.05993470922112465,0.007630269043147564,274.0376672744751
61,0.0009115691165280087,0.0006813160880656866,0.0,0.01312372274696827,0.05948556959629059,0.005824260413646698,278.48282957077026
62,0.0009085391470727588,0.0005894853436945915,0.0,0.008521361276507378,0.03674228861927986,0.005065381061285734,282.95020842552185
63,0.000905463412215599,0.000580053291389772,0.0,0.007695343811064959,0.04135856404900551,0.004417658783495426,287.36569118499756
64,0.000902342260775827,0.0005517308795129879,0.0,0.007414848543703556,0.03261025995016098,0.004666483961045742,291.8717005252838
65,0.0008991760467234383,0.0005574581500716201,0.0,0.010413768701255322,0.04421510919928551,0.007506949361413717,296.2536277770996
66,0.0008959651291389825,0.0005233248853670889,0.0,0.007227293681353331,0.022224823012948036,0.006921563297510147,300.8652491569519
67,0.0008927098721728392,0.0005553200082674371,0.0,0.01279993262141943,0.053677093237638474,0.00822217483073473,305.3941099643707
68,0.0008894106450039209,0.00051220066250977,0.0,0.005828505381941795,0.025854671373963356,0.004852056968957186,309.9421262741089
69,0.0008860678217978036,0.0005348134405899406,0.0,0.009549391455948353,0.04914925992488861,0.0073770033195614815,314.4672496318817
70,0.0008826817816642927,0.0005615332098697026,0.0,0.0187667403370142,0.05673805624246597,0.008631897158920765,318.916490316391
71,0.0008792529086144282,0.0005357477048195205,0.0,0.007731430232524872,0.03531668707728386,0.0041623362340033054,323.47654390335083
72,0.0008757815915169343,0.0004780020255431602,0.0,0.007847893983125687,0.03298706188797951,0.004923770669847727,327.9731225967407
73,0.0008722682240541173,0.0005021496992686285,0.0,0.009989211335778236,0.057329751551151276,0.007358886767178774,332.50600361824036
74,0.0008687132046772183,0.0005190852396595529,0.0,0.00922540295869112,0.025392336770892143,0.005006630439311266,336.87918496131897
75,0.0008651169365612248,0.0004614325312017719,0.0,0.006118780467659235,0.019478121772408485,0.0037672764156013727,341.6512291431427
76,0.0008614798275591467,0.0004783851394091271,0.0,0.006822801195085049,0.03780915588140488,0.004611739423125982,346.13033843040466
77,0.0008578022901557614,0.0005367354983345966,0.0,0.005746468435972929,0.032963696867227554,0.0034312978386878967,350.7008147239685
78,0.000854084741420834,0.0004894733474685003,0.0,0.007871700450778008,0.032812029123306274,0.004555077757686377,355.14301347732544
79,0.0008503276029618175,0.0004456507777697856,0.0,0.007209634408354759,0.031433358788490295,0.003700887318700552,359.6534218788147
80,0.0008465313008760381,0.00044261980384780174,0.0,0.0076911249198019505,0.04924008622765541,0.0041786725632846355,364.08962655067444
81,0.0008426962657023718,0.00050790839338571,0.0,0.0075839911587536335,0.03294100984930992,0.004803748801350594,368.49388456344604
82,0.0008388229323724163,0.00044294686368731264,0.0,0.006470875348895788,0.02856781892478466,0.0037493365816771984,372.9962284564972
83,0.0008349117401611662,0.00047025912145114016,0.0,0.007047432940453291,0.038628950715065,0.004372286610305309,377.3469500541687
84,0.0008309631326371942,0.000386844573681266,0.0,0.011676831170916557,0.049249693751335144,0.006363123655319214,381.8841414451599
85,0.0008269775576123458,0.00041119419428878296,0.0,0.008087239228188992,0.035006675869226456,0.004796615336090326,386.2601351737976
86,0.0008229554670909542,0.00048458272627147574,0.0,0.007680417969822884,0.028207149356603622,0.005386873614042997,390.8088719844818
87,0.0008188973172185765,0.0003638166143054682,0.0,0.008958089165389538,0.03665458783507347,0.005260903388261795,395.2653079032898
88,0.0008148035682302637,0.00039064256699571103,0.0,0.0059030186384916306,0.03478744253516197,0.004385719541460276,399.74863052368164
89,0.0008106746843983651,0.00042536658269012065,0.0,0.004493719432502985,0.014545080251991749,0.002845384646207094,404.240332365036
90,0.0008065111339798746,0.0004030335270100192,0.0,0.007520927116274834,0.02848905697464943,0.004485826939344406,408.6628329753876
91,0.0008023133891633263,0.0004143261662275425,0.0,0.006898129358887672,0.0224235150963068,0.00455233221873641,413.1635272502899
92,0.0007980819260152432,0.0003689146025789516,0.0,0.006383534986525774,0.03539397194981575,0.005080066621303558,417.51062631607056
93,0.0007938172244261464,0.00037735587912638124,0.0,0.004810326732695103,0.01846536435186863,0.002975168637931347,422.02368235588074
94,0.0007895197680561315,0.0003921485031823732,0.0,0.007217210717499256,0.032176144421100616,0.00390379480086267,426.3825764656067
95,0.0007851900442800149,0.00035736230255874364,0.0,0.006102257873862982,0.023839415982365608,0.003195006400346756,430.8630063533783
96,0.0007808285441320628,0.00036467047527553756,0.0,0.010038084350526333,0.053816936910152435,0.00800747238099575,435.32515382766724
97,0.0007764357622503011,0.00041474562887709986,0.0,0.008899428881704807,0.039471689611673355,0.005325624719262123,439.7926425933838
98,0.0007720121968204198,0.00033971463881192796,0.0,0.006436171010136604,0.019007978960871696,0.00372349563986063,444.30180263519287
99,0.0007675583495192725,0.00037313007276385874,0.0,0.00980370119214058,0.042517855763435364,0.006822326686233282,448.76102662086487
100,0.0007630747254579827,0.0003461498947143984,0.0,0.007607967127114534,0.03402084484696388,0.004838783293962479,453.3704249858856
101,0.0007585618331246576,0.0003745726834455335,0.0,0.005466639995574951,0.02530883252620697,0.0033918479457497597,457.77805829048157
102,0.0007540201843267216,0.0003244584734834252,0.0,0.014616209082305431,0.040837258100509644,0.007246703375130892,462.30054926872253
103,0.0007494502941328711,0.000343532826946868,0.0,0.007857483811676502,0.027006005868315697,0.0033407758455723524,466.66934752464294
104,0.0007448526808146619,0.00034286834117387775,0.0,0.004920661449432373,0.02060593105852604,0.003427814692258835,471.13460087776184
105,0.0007402278657877303,0.0003333237583941356,0.0,0.0076259104534983635,0.03105759806931019,0.004553614184260368,475.5376799106598
106,0.0007355763735526611,0.00032180993759424654,0.0,0.006709866691380739,0.022793065756559372,0.003930842503905296,480.00105357170105
107,0.0007308987316355025,0.00030129882030169243,0.0,0.006840934045612812,0.026750270277261734,0.0036583871114999056,484.49056363105774
108,0.00072619547052794,0.0003550511794944799,0.0,0.00820150040090084,0.022065892815589905,0.004003477748483419,489.1251485347748
109,0.0007214671236271335,0.00027705088452133626,0.0,0.007427085191011429,0.04461820423603058,0.003995652310550213,493.6846761703491
110,0.000716714227175224,0.00029651153082054063,0.0,0.004482212010771036,0.0171530582010746,0.003096167230978608,498.1063799858093
111,0.000711937320198519,0.0003112670581779871,0.0,0.008519107475876808,0.03561658412218094,0.005575364455580711,502.6444733142853
112,0.0007071369444463614,0.00028441579517499995,0.0,0.0068410420790314674,0.03220612183213234,0.003840245772153139,507.03104400634766
113,0.000702313644329689,0.00034724294804961667,0.0,0.008014253340661526,0.03490414097905159,0.0043183742091059685,511.5088167190552
114,0.0006974679668592938,0.00028178346486554815,0.0,0.005605294369161129,0.0171758234500885,0.0029323981143534184,515.9144959449768
115,0.0006926004615837846,0.00028829258307127014,0.0,0.004329758230596781,0.018377987667918205,0.002784387208521366,520.3702070713043
116,0.0006877116805272637,0.00026423804162163705,0.0,0.013515290804207325,0.06145762652158737,0.007734942249953747,524.8747601509094
117,0.0006828021781267203,0.00032904270580998103,0.0,0.004918862599879503,0.014879338443279266,0.002944616600871086,529.4646685123444
118,0.0006778725111691533,0.00024786259462612623,0.0,0.004842163063585758,0.01375294104218483,0.0029715269338339567,534.1606051921844
119,0.0006729232387284249,0.0002946984386857791,0.0,0.007135700434446335,0.026582125574350357,0.005015199538320303,538.661563873291
120,0.0006679549221018571,0.000270492718870978,0.0,0.00889667309820652,0.03876736760139465,0.004748180042952299,543.2111392021179
121,0.0006629681247465735,0.00025355022714467786,0.0,0.010507697239518166,0.045863840728998184,0.0056420606561005116,547.6060380935669
122,0.000657963412215599,0.00028699896725294913,0.0,0.006199500057846308,0.030064085498452187,0.003580902237445116,552.0974428653717
123,0.0006529413520937194,0.0003052374145058652,0.0,0.0036077224649488926,0.009868503548204899,0.0024876384995877743,556.5309047698975
124,0.0006479025139331124,0.0002540974856916562,0.0,0.005368481855839491,0.024661781266331673,0.0032987231388688087,560.9767117500305
125,0.0006428474691887538,0.00025671264209533575,0.0,0.0049718585796654224,0.0200771763920784,0.0025091490242630243,565.4457316398621
126,0.0006377767911536092,0.0002413663976116323,0.0,0.005750953685492277,0.0238877534866333,0.003005668520927429,569.8613436222076
127,0.0006326910548936169,0.00025840137454146187,0.0,0.0038549983873963356,0.012928511016070843,0.0022885804064571857,574.4215099811554
128,0.0006275908371824695,0.000232553148333783,0.0,0.006871582940220833,0.044970765709877014,0.004535168409347534,578.8185787200928
129,0.000622476716436202,0.0002604203299629073,0.0,0.005296592600643635,0.036372628062963486,0.00305856647901237,583.3748865127563
130,0.0006173492726475931,0.0002360934092713515,0.0,0.008635408245027065,0.02976703643798828,0.00528490636497736,587.8097386360168
131,0.0006122090873203895,0.0002651618952318177,0.0,0.004912813659757376,0.014834160916507244,0.0024407284799963236,592.3031599521637
132,0.0006070567434033556,0.00018990317505400233,0.0,0.006999148987233639,0.0405568964779377,0.004406649619340897,596.7153596878052
133,0.0006018928252241633,0.00028233422776910693,0.0,0.00520372437313199,0.02156103029847145,0.0032089264132082462,601.1511979103088
134,0.0005967179184231216,0.00018327980729465217,0.0,0.0036750042345374823,0.010890046134591103,0.0019413718255236745,605.6317629814148
135,0.0005915326098867602,0.00022241322115861917,0.0,0.0051485453732311726,0.01980382762849331,0.0031245576683431864,610.0176560878754
136,0.0005863374876812705,0.00021840211828860046,0.0,0.004972770344465971,0.017193062230944633,0.0034727149177342653,614.5526139736176
137,0.0005811331409858121,0.00022298110492634168,0.0,0.006107724271714687,0.03120090812444687,0.0033943848684430122,618.9475085735321
138,0.0005759201600256951,0.00024383285650977083,0.0,0.006841825786978006,0.02489008754491806,0.0038758665323257446,623.5210316181183
139,0.0005706991360054424,0.0002207562023640258,0.0,0.005554667674005032,0.01825089380145073,0.0033657830208539963,627.9493763446808
140,0.0005654706610417403,0.0002168997841266131,0.0,0.005865014158189297,0.01808781363070011,0.0031389319337904453,632.4639046192169
141,0.0005602353280962875,0.00021030169459658636,0.0,0.006310802884399891,0.025847837328910828,0.0038279714062809944,636.948842048645
142,0.0005549937309085467,0.00017777911661755319,0.0,0.003791078459471464,0.012191548943519592,0.0025176233612000942,641.3729159832001
143,0.0005497464639284088,0.0001738954430951132,0.0,0.004241005051881075,0.01702621579170227,0.0029065757989883423,645.904869556427
144,0.0005444941222487762,0.0002034177201600617,0.0,0.009459130465984344,0.037216946482658386,0.006949265021830797,650.2763040065765
145,0.0005392373015380734,0.00018384194842504254,0.0,0.004215624649077654,0.016780685633420944,0.002497186418622732,654.8216862678528
146,0.0005339765979726918,0.0001991143686623866,0.0,0.008385736495256424,0.04531025141477585,0.004923307802528143,659.1810567378998
147,0.0005287126081693783,0.00017024711593787613,0.0,0.004575833212584257,0.014044280163943768,0.002866556169465184,663.7299635410309
148,0.0005234459291175716,0.0001831193267473106,0.0,0.009390580467879772,0.033967453986406326,0.006585780531167984,668.1674416065216
149,0.0005181771581116985,0.00018954521002617102,0.0,0.0036896124947816133,0.018690308555960655,0.002231351565569639,672.6793646812439
150,0.0005129068926834345,0.00016581332324732765,0.0,0.008392957970499992,0.02614302560687065,0.003627920290455222,677.1959145069122
151,0.0005076357305339374,0.0001859399056726558,0.0,0.0036040348932147026,0.009574881754815578,0.0022007229272276163,681.6649212837219
152,0.0005023642694660628,0.0001608396295519479,0.0,0.005458206404000521,0.02695373073220253,0.0029609755147248507,686.1882095336914
153,0.0004970931073165656,0.00019105410161637695,0.0,0.004686512053012848,0.028889277949929237,0.0029484103433787823,690.5562291145325
154,0.0004918228418883015,0.00016307486693937568,0.0,0.002837405540049076,0.008209945634007454,0.0018021413125097752,695.0930912494659
155,0.00048655407088242834,0.00015907970418023782,0.0,0.0035602767020463943,0.01427553966641426,0.002157586393877864,699.4567606449127
156,0.00048128739183062177,0.00016067078202643682,0.0,0.004095641430467367,0.017826486378908157,0.0029185418970882893,703.962117433548
157,0.00047602340202730815,0.00013510236837363767,0.0,0.003715088125318289,0.014624998904764652,0.0021030528005212545,708.3930487632751
158,0.0004707626984619268,0.00017455214719877085,0.0,0.004454948473721743,0.019331105053424835,0.002403099089860916,712.9237248897552
159,0.0004655058777512239,0.00014902439699539445,0.0,0.00605525029823184,0.02136359177529812,0.0036299838684499264,717.4528248310089
160,0.00046025353607159135,0.0001618126301183467,0.0,0.00430701719596982,0.01465313509106636,0.00237373448908329,721.9221212863922
161,0.00045500626909145337,0.0001344464413255128,0.0,0.007785063236951828,0.030371377244591713,0.004094885662198067,726.5329248905182
162,0.00044976467190371253,0.00011784125669154063,0.0,0.0035508889704942703,0.012094838544726372,0.0017721126787364483,730.9261517524719
163,0.0004445293389582596,0.00016346333870191767,0.0,0.0031124295201152563,0.009744185954332352,0.0018033955711871386,735.4765069484711
164,0.0004393008639945577,0.0001239669876010536,0.0,0.0031796584371477365,0.00978055503219366,0.0017761110793799162,739.8470211029053
165,0.000434079839974305,0.00015817781876180425,0.0,0.004551178775727749,0.021926430985331535,0.002335990546271205,744.3587369918823
166,0.000428866859014188,0.00013164498537860466,0.0,0.003219024045392871,0.01169611793011427,0.0016858434537425637,748.7914116382599
167,0.00042366251231872975,0.0001184458202810618,0.0,0.0038157484959810972,0.013645374216139317,0.0029777211602777243,753.3294932842255
168,0.0004184673901132398,0.00012253937167890796,0.0,0.005540469661355019,0.03231056407094002,0.002773489337414503,758.1813879013062
169,0.0004132820815768785,0.00011544071189332912,0.0,0.003020776202902198,0.011670799925923347,0.0018327829893678427,762.9437863826752
170,0.00040810717477583676,0.0001364404584690952,0.0,0.0036480803973972797,0.011901761405169964,0.002055882476270199,767.7245559692383
171,0.00040294325659664455,0.00010479796077608287,0.0,0.00299220927990973,0.014084404334425926,0.0017290132818743587,772.4807839393616
172,0.00039779091267961073,0.0001143030460015428,0.0,0.0048664407804608345,0.025680700317025185,0.0026751228142529726,776.9110805988312
173,0.000392650727352407,0.0001096933073676656,0.0,0.0027283718809485435,0.010321139357984066,0.001552641042508185,781.3938801288605
174,0.00038752328356379817,0.00010349663810993498,0.0,0.0065377941355109215,0.040239859372377396,0.0043237702921032906,785.8100814819336
175,0.00038240916281753073,0.00012560434970356846,0.0,0.0044151307083666325,0.014606976881623268,0.0024299880024045706,790.2697088718414
176,0.0003773089451063832,0.00011105036320054215,0.0,0.004199902527034283,0.014797953888773918,0.0025746512692421675,794.7840020656586
177,0.00037222320884639095,0.00010817387183848821,0.0,0.0038293267134577036,0.017787175253033638,0.002326982794329524,799.3117623329163
178,0.0003671525308112463,0.00012968231945597865,0.0,0.002610535593703389,0.009649028070271015,0.0015146444784477353,803.8732957839966
179,0.0003620974860668877,0.00012805032509218022,0.0,0.00413291621953249,0.014464931562542915,0.0022171384189277887,808.2911584377289
180,0.0003570586479062806,9.014360904768241e-05,0.0,0.002561875618994236,0.007900064811110497,0.0015221328940242529,812.956686258316
181,0.0003520365877844011,0.00010500495776322383,0.0,0.0025088456459343433,0.008973019197583199,0.0015417422400787473,817.4332542419434
182,0.00034703187525342646,0.00010161923585744847,0.0,0.002854973543435335,0.008914691396057606,0.0017920918762683868,821.9592306613922
183,0.00034204507789814304,9.026048759782177e-05,0.0,0.00286409305408597,0.009099001996219158,0.001595479785464704,826.375237941742
184,0.00033707676127157503,7.977291081789526e-05,0.0,0.005003820173442364,0.028216486796736717,0.002739409450441599,830.8234105110168
185,0.00033212748883084677,9.732892301872402e-05,0.0,0.004330852534621954,0.018110523000359535,0.002633304800838232,835.3108997344971
186,0.00032719782187327966,7.547880970585388e-05,0.0,0.0066907755099236965,0.024220135062932968,0.0025719848927110434,839.7411930561066
187,0.00032228831947273646,0.00010302984058201573,0.0,0.0030145456548780203,0.015287154354155064,0.00167890265583992,844.2973825931549
188,0.0003173995384162153,0.00010995576078608112,0.0,0.0030706331599503756,0.012310641817748547,0.0018389088800176978,848.6982231140137
189,0.00031253203314070635,6.600806239824886e-05,0.0,0.002763590542599559,0.009611252695322037,0.001613148837350309,853.3345668315887
190,0.000307686355670311,8.505029113565135e-05,0.0,0.0031338599510490894,0.009439166635274887,0.001780490973033011,857.7389025688171
191,0.0003028630555536388,8.586313957926786e-05,0.0,0.003103623865172267,0.01171189732849598,0.0018124539637938142,862.2698750495911
192,0.0002980626798014812,6.024453612560916e-05,0.0,0.0034473680425435305,0.0156833678483963,0.001967997755855322,866.6891343593597
193,0.00029328577282477613,7.703300881069723e-05,0.0,0.003737145569175482,0.018838634714484215,0.0019962911028414965,871.1525993347168
194,0.0002885328763728666,0.0001126796189696348,0.0,0.0030393407214432955,0.010130486451089382,0.0016377753345295787,875.5833973884583
195,0.00028380452947205997,5.7250393272300334e-05,0.0,0.0021947501227259636,0.011101135984063148,0.001232288544997573,880.0395426750183
196,0.00027910126836449764,7.251224676695618e-05,0.0,0.003212271723896265,0.01422305591404438,0.0020352613646537066,884.5538799762726
197,0.0002744236264473389,6.62636832045427e-05,0.0,0.0027740749064832926,0.010766294784843922,0.0016150024021044374,888.995368719101
198,0.00026977213421226976,7.83401380832472e-05,0.0,0.004704910330474377,0.023680396378040314,0.0025710235349833965,893.5974767208099
199,0.00026514731918533824,5.8500044188445884e-05,0.0,0.004099333193153143,0.011419619433581829,0.001892679138109088,898.0079262256622
200,0.000260549705867129,6.665915826053502e-05,0.0,0.003289483254775405,0.014965362846851349,0.001999611733481288,902.5726754665375
201,0.0002559798156732785,5.346774578591191e-05,0.0,0.002239788183942437,0.007123235147446394,0.0012474170653149486,907.1343984603882
202,0.00025143816687534236,6.250447535953514e-05,0.0,0.0026872435119003057,0.012065984308719635,0.00150918192230165,911.6842856407166
203,0.0002469252745420172,4.9095328287721175e-05,0.0,0.0025079832412302494,0.009257480502128601,0.0014792638830840588,916.1243686676025
204,0.0002424416504807275,6.806162619407032e-05,0.0,0.0023897886276245117,0.008731869049370289,0.0012967572547495365,920.5406651496887
205,0.0002379878031795803,6.06507123258645e-05,0.0,0.0021423359867185354,0.007043309975415468,0.0012577895540744066,925.0382318496704
206,0.00023356423774969896,5.467034815324699e-05,0.0,0.002215140499174595,0.009189600124955177,0.001316575682722032,929.4328043460846
207,0.00022917145586793722,4.308166510814694e-05,0.0,0.0037507445085793734,0.021492300555109978,0.0020969072356820107,933.9679782390594
208,0.0002248099557199852,5.940484982747304e-05,0.0,0.0025906190276145935,0.010951288975775242,0.0014120921259745955,938.455150604248
209,0.00022048023194386863,4.7739979613912685e-05,0.0,0.0028339745476841927,0.011399637907743454,0.0017771859420463443,943.0361797809601
210,0.0002161827755738535,5.582052665087042e-05,0.0,0.002497212728485465,0.009816707111895084,0.001263857469893992,947.4782884120941
211,0.00021191807398475684,3.389016477603588e-05,0.0,0.001829607179388404,0.005180698819458485,0.0010618058731779456,951.9826126098633
212,0.0002076866108366738,6.488881579323127e-05,0.0,0.0022125530522316694,0.007082142401486635,0.0013327569467946887,956.4634110927582
213,0.00020348886602012544,3.9745267977053e-05,0.0,0.0018364437855780125,0.00623506773263216,0.001052257837727666,960.8618037700653
214,0.00019932531560163506,3.7368273834717616e-05,0.0,0.002280161250382662,0.0075956000946462154,0.0013400438474491239,965.3466379642487
215,0.0001951964317697363,4.6742145381701544e-05,0.0,0.002662478946149349,0.00970103032886982,0.0019807275384664536,969.7226150035858
216,0.0001911026827814237,3.270782581489558e-05,0.0,0.0021896616090089083,0.007765505462884903,0.0014015072956681252,974.2320349216461
217,0.00018704453290904584,5.499789316326795e-05,0.0,0.002468134043738246,0.005944597069174051,0.0017277232836931944,978.6023001670837
218,0.00018302244238765404,2.9740614791356194e-05,0.0,0.0017790886340662837,0.006850052624940872,0.0011106142774224281,983.1333692073822
219,0.0001790368673628059,3.507111222176599e-05,0.0,0.0022812546230852604,0.008067072369158268,0.0012269563740119338,987.5592346191406
220,0.00017508825983883377,3.889372331722586e-05,0.0,0.0030654894653707743,0.024010933935642242,0.0014584657037630677,992.0563418865204
221,0.00017117706762758377,3.8338576668726515e-05,0.0,0.002173261484131217,0.007572002708911896,0.0010964622488245368,996.5301778316498
222,0.00016730373429762828,3.541583362871723e-05,0.0,0.0019847473595291376,0.006231773644685745,0.0011736011365428567,1000.9860053062439
223,0.000163468699123962,3.616081087735554e-05,0.0,0.002636122517287731,0.008301476947963238,0.0012363576097413898,1005.4772400856018
224,0.0001596723970381826,2.6378842828770226e-05,0.0,0.0020271684043109417,0.007573398295789957,0.0009782272391021252,1009.8380572795868
225,0.00015591525857916607,3.652994985374119e-05,0.0,0.0028471252880990505,0.010804095305502415,0.0022369998041540384,1014.3529262542725
226,0.0001521977098442386,4.17997668884554e-05,0.0,0.0020259730517864227,0.014041872695088387,0.001028132624924183,1018.7028994560242
227,0.00014852017244085334,1.690919658367512e-05,0.0,0.0018793944036588073,0.008988470770418644,0.0010345019400119781,1023.1859436035156
228,0.00014488306343877512,3.7612355831330165e-05,0.0,0.001588126877322793,0.004536943510174751,0.0009171247365884483,1027.6332304477692
229,0.0001412867953227818,2.6610985192914145e-05,0.0,0.0016329383943229914,0.006670686416327953,0.0009243282256647944,1032.117359161377
230,0.00013773177594588276,2.6379975206453557e-05,0.0,0.0016712790820747614,0.006311921402812004,0.0009657827322371304,1036.6133780479431
231,0.00013421840848306578,2.7978152073354928e-05,0.0,0.001920419163070619,0.007988890632987022,0.0012442800216376781,1041.0521030426025
232,0.00013074709138557187,2.179238198538854e-05,0.0,0.0018971957033500075,0.0063591389916837215,0.0012363654095679522,1045.6165823936462
233,0.00012731821833570733,1.8023058026670955e-05,0.0,0.0019221283728256822,0.006217991933226585,0.0010530678555369377,1049.9576971530914
234,0.00012393217820219634,2.6705870965602712e-05,0.0,0.0016488843830302358,0.006429883651435375,0.0009498600848019123,1054.4687716960907
235,0.00012058935499607912,2.2368973909691208e-05,0.0,0.001636405591852963,0.009868565946817398,0.001054460764862597,1058.8365910053253
236,0.00011729012782716083,1.7642346177424517e-05,0.0,0.0020249253138899803,0.008198308758437634,0.0013461597263813019,1063.2979979515076
237,0.00011403487086101763,2.5180798122356463e-05,0.0,0.00161240273155272,0.0055002328008413315,0.0009150092955678701,1067.7266654968262
238,0.00011082395327656166,1.8621766984055016e-05,0.0,0.001561619807034731,0.005404418800026178,0.0009464127360843122,1072.1611499786377
239,0.00010765773922417309,1.9532802913405977e-05,0.0,0.0017659080913290381,0.006933681666851044,0.0010543583193793893,1076.6714780330658
240,0.00010453658778440107,1.824858834187632e-05,0.0,0.001478180754929781,0.004534540697932243,0.000836081919260323,1081.1243617534637
241,0.00010146085292724121,1.6611000691182758e-05,0.0,0.0015084210317581892,0.0052453395910561085,0.0008318511536344886,1085.6884188652039
242,9.843088347199133e-05,1.719325229421784e-05,0.0,0.0017036667559295893,0.006607543211430311,0.0010080219944939017,1090.098969221115
243,9.544702304769199e-05,1.811590097078008e-05,0.0,0.001434091362170875,0.00508651090785861,0.0008837049826979637,1094.6522307395935
244,9.250961005415504e-05,1.6766931051332323e-05,0.0,0.001437449362128973,0.005118971224874258,0.0008393409661948681,1099.0306649208069
245,8.961897762358664e-05,1.3491669441347817e-05,0.0,0.001447291229851544,0.005371740087866783,0.0008465482969768345,1103.5067319869995
246,8.67754535828058e-05,1.1843199008637137e-05,0.0,0.0015137259615585208,0.005492855794727802,0.0008823247626423836,1107.9415109157562
247,8.39793604160657e-05,1.3568644619469629e-05,0.0,0.0014511249028146267,0.004979667253792286,0.0008790837018750608,1112.3679180145264
248,8.123101522848133e-05,1.5817748964542672e-05,0.0,0.0014022382674738765,0.004501861985772848,0.0008435455965809524,1116.8437321186066
249,7.853072971006594e-05,1.4071634259288648e-05,0.0,0.001458304119296372,0.005082711577415466,0.0008649806259199977,1121.263203382492
250,7.587881010038255e-05,1.0848139968851525e-05,0.0,0.0017946806037798524,0.01004170160740614,0.0011565990280359983,1125.801759004593
251,7.327555715381285e-05,9.468107227966879e-06,0.0,0.0013473370345309377,0.0030080729629844427,0.000811488542240113,1130.1973588466644
252,7.072126610544947e-05,9.589991800265954e-06,0.0,0.0013391803950071335,0.0033463016152381897,0.0007505141547881067,1134.7782518863678
253,6.821622663761248e-05,1.2080379758814665e-05,0.0,0.00154266192112118,0.005399479530751705,0.0008205616031773388,1139.2011587619781
254,6.576072284699714e-05,7.975318371092e-06,0.0,0.0017757921013981104,0.00857702549546957,0.001152208773419261,1143.6493973731995
255,6.335503321245398e-05,1.1367392147927423e-05,0.0,0.0012741537066176534,0.0035728481598198414,0.0007423803326673806,1148.0921740531921
256,6.099943056340687e-05,9.63066527154707e-06,0.0,0.0017482639523223042,0.006052997428923845,0.0011293322313576937,1152.516058921814
257,5.869418204891135e-05,8.886752784611682e-06,0.0,0.0012874618405476213,0.0028409690130501986,0.0007434809231199324,1156.969537973404
258,5.643954910735705e-05,7.189328780183687e-06,0.0,0.0012914526741951704,0.0029141162522137165,0.0007395006832666695,1161.3366568088531
259,5.423578743681795e-05,8.202777673266775e-06,0.0,0.0013362588360905647,0.0037665630225092173,0.000767276796977967,1165.9109864234924
260,5.208314696605405e-05,1.0933437331508059e-05,0.0,0.0013279480626806617,0.003226659959182143,0.0007327846251428127,1170.2935996055603
261,4.998187182616622e-05,5.092076230641608e-06,0.0,0.0013204218121245503,0.0034721987321972847,0.000756404479034245,1174.8407995700836
262,4.793220032291015e-05,6.796293564752402e-06,0.0,0.0012422985164448619,0.0027203268837183714,0.0007313123787753284,1179.2649416923523
263,4.593436490966918e-05,6.029357409685263e-06,0.0,0.0012155165895819664,0.0024532086681574583,0.0007130922167561948,1183.7546610832214
264,4.398859216109247e-05,8.35917897565503e-06,0.0,0.0012626812094822526,0.0026228558272123337,0.000716414419002831,1188.2067410945892
265,4.209510274739881e-05,6.620808511181267e-06,0.0,0.0012619649060070515,0.00337405176833272,0.0007519297651015222,1192.6141498088837
266,4.025411140935047e-05,4.177526472082997e-06,0.0,0.0013616145588457584,0.003704011207446456,0.0008271614788100123,1197.0829682350159
267,3.846582693389925e-05,4.7185942677054544e-06,0.0,0.0012356946244835854,0.0030575350392609835,0.0007140604429878294,1201.4684834480286
268,3.6730452130508355e-05,5.1261819504671794e-06,0.0,0.0012311063474044204,0.0025763162411749363,0.000706399732735008,1206.02117562294
269,3.504818380815126e-05,3.98412259236732e-06,0.0,0.001474516000598669,0.004457775037735701,0.0008241189643740654,1210.4912168979645
270,3.341921275299205e-05,5.78109328969733e-06,0.0,0.0011783355148509145,0.0028664448764175177,0.00069282395998016,1215.0803408622742
271,3.184372370674797e-05,4.32238845154047e-06,0.0,0.0012015055399388075,0.0022458266466856003,0.0006924545159563422,1219.5241289138794
272,3.0321895345738213e-05,3.9469058775236005e-06,0.0,0.0011556956451386213,0.002121472731232643,0.0006856905529275537,1224.0363636016846
273,2.8853900260619873e-05,3.5308819612120048e-06,0.0,0.0011540834093466401,0.002091800095513463,0.0006801639101468027,1228.5965671539307
274,2.7439904936814617e-05,3.754498870796869e-06,0.0,0.0012080559972673655,0.002289772965013981,0.0006867458578199148,1233.0992136001587
275,2.6080069735627626e-05,3.5702156351520862e-06,0.0,0.0011876628268510103,0.0020750740077346563,0.0006786657031625509,1237.558317899704
276,2.4774548876060803e-05,3.919188336965554e-06,0.0,0.0011552287032827735,0.002168059814721346,0.0006750799948349595,1241.940096616745
277,2.352349041732305e-05,2.790821576564595e-06,0.0,0.0011595236137509346,0.0025073729921132326,0.0006868473719805479,1246.4437849521637
278,2.2327036242038513e-05,3.5921580555859017e-06,0.0,0.001142005086876452,0.0020257451105862856,0.0006657471531070769,1250.7889399528503
279,2.1185322040155998e-05,3.046105019400398e-06,0.0,0.0011412816820666194,0.0023252300452440977,0.0006766505539417267,1255.3376216888428
280,2.0098477293560292e-05,2.640966868779334e-06,0.0,0.0011278670281171799,0.001986876828595996,0.0006693237228319049,1259.7468645572662
281,1.906662526138742e-05,2.512741751487361e-06,0.0,0.001130803837440908,0.0021315959747880697,0.0006669043796136975,1264.262800693512
282,1.808988296604597e-05,2.7192899858657337e-06,0.0,0.0011270268587395549,0.00200053583830595,0.0006607218529097736,1268.779715538025
283,1.7168361179945688e-05,2.5568557379374112e-06,0.0,0.001119322027079761,0.001980788307264447,0.0006675810436718166,1273.24360537529
284,1.6302164412934446e-05,2.610653179997093e-06,0.0,0.001118660089559853,0.0019201537361368537,0.000656678166706115,1277.7615013122559
285,1.5491390900446125e-05,2.326447742038975e-06,0.0,0.0011148132616654038,0.0018958606524392962,0.0006512498366646469,1282.151142835617
286,1.473613259235944e-05,2.376084603549661e-06,0.0,0.001103862072341144,0.0019006967777386308,0.0006510748062282801,1286.6938371658325
287,1.4036475142570141e-05,2.295440297001397e-06,0.0,0.0011019749799743295,0.0019097410840913653,0.0006529805832542479,1291.0355954170227
288,1.3392497899276824e-05,2.423923541406769e-06,0.0,0.0011058702366426587,0.0024727564305067062,0.0006486588390544057,1295.5489473342896
289,1.280427389598214e-05,2.2124899991734247e-06,0.0,0.001105664181523025,0.002176010049879551,0.0006511857500299811,1299.9334449768066
290,1.2271869843209946e-05,2.188792426855945e-06,0.0,0.0010984893888235092,0.0018377451924607158,0.0006512384279631078,1304.442777633667
291,1.1795346120939938e-05,2.1669126169280105e-06,0.0,0.0010933905141428113,0.001944592222571373,0.0006573775899596512,1308.925565958023
292,1.1374756771759528e-05,2.116915350661279e-06,0.0,0.001098858192563057,0.001925429329276085,0.000641112681478262,1313.385766506195
293,1.1010149494735194e-05,2.019653846835764e-06,0.0,0.0010924242669716477,0.00185894756577909,0.0006444196915253997,1317.8940906524658
294,1.0701565640002838e-05,2.030560041259947e-06,0.0,0.0011252460535615683,0.0022782892920076847,0.0006461185403168201,1322.3050389289856
295,1.0449040204078271e-05,1.966878237640072e-06,0.0,0.0010861919727176428,0.001816970994696021,0.0006392010254785419,1326.841769695282
296,1.0252601825888288e-05,1.9356610615038135e-06,0.0,0.001086791162379086,0.002029309282079339,0.0006479498697444797,1331.2057971954346
297,1.0112272783522545e-05,2.013638701898439e-06,0.0,0.0010824481723830104,0.001860242336988449,0.0006422997103072703,1335.7170684337616
298,1.0028068991707181e-05,2.092389162704048e-06,0.0,0.001092463848181069,0.002576136030256748,0.0006483456818386912,1340.1404812335968
299,1e-05,1.960515983182172e-06,0.0,0.0010745959589257836,0.0018177652964368463,0.0006339207757264376,1344.609123468399
