W_um_D1,W_um_D2,W_um_D3,alone_D1_Tmax,alone_D1_earliest_yr,alone_D1_mortal10,alone_D2_Tmax,alone_D2_earliest_yr,alone_D2_mortal10,alone_D3_Tmax,alone_D3_earliest_yr,alone_D3_mortal10,full_D1_Tmax,full_D1_earliest_yr,full_D1_mortal10,full_D2_Tmax,full_D2_earliest_yr,full_D2_mortal10,full_D3_Tmax,full_D3_earliest_yr,full_D3_mortal10,required_margin_D1,required_margin_D2,required_margin_D3,seconds,sweep,value
,,,321.08,21.712929734899756,0,320.72,23.27853671430246,0,350.67,25.72616305942261,0,348.92,8.897189478901897,2,349.12,4.675791883687781,8,349.44,26.07433565566261,0,2.4404256857053688,4.97852284561963,0.9866469235942207,11.064113140106201,r_convec,0.1
,,,321.88,20.355059763226553,0,322.32,20.456816187048762,0,358.7,22.072302514508845,0,359.36,4.165902600016544,6,359.56,2.389272753769452,20,359.87,21.50782794568743,0,4.886110338524409,8.561942605663138,1.0262450755253785,10.947977781295776,r_convec,0.5
,,,322.88,18.791964018779773,0,324.32,17.459876919339987,0,368.71,21.766791730413466,0,372.37,1.7203234324306993,14,372.57,1.107696952194514,60,372.88,22.430921808200843,0,10.923506396833771,15.762322794830617,0.9703922075309198,10.97977066040039,r_convec,1.0
,,,321.88,20.355059763226553,0,322.32,20.456816187048762,0,358.7,22.072302514508845,0,359.0,3.9020743076231157,6,359.49,2.4005800918470186,20,360.21,21.18390939640761,0,5.216471588831814,8.521613695175311,1.0419371656797158,10.749188661575317,bond_k,5.0
,,,321.88,20.355059763226553,0,322.32,20.456816187048762,0,358.7,22.072302514508845,0,359.36,4.165902600016544,6,359.56,2.389272753769452,20,359.87,21.50782794568743,0,4.886110338524409,8.561942605663138,1.0262450755253785,10.978214740753174,bond_k,40.0
,,,321.88,20.355059763226553,0,322.32,20.456816187048762,0,358.7,22.072302514508845,0,359.04,4.195092103410673,6,359.2,2.443127386744606,20,359.48,21.59944795051576,0,4.852112721596168,8.373208985351702,1.021891974511404,11.931051015853882,bond_k,150.0
1.197019465162582,0.9915801284646629,15.337658249184217,321.88,20.448064265175592,0,322.32,20.456816187048762,0,358.7,22.072302514508845,0,359.36,3.8148299312027523,10,359.56,2.389272753769452,20,359.87,21.50782794568743,0,5.360150946159914,8.561942605663138,1.0262450755253785,43.099425315856934,feed_pitch_bottom_um,200
1.3493941701284855,0.9915801284646629,15.337658249184217,321.88,20.355059763226553,0,322.32,20.456816187048762,0,358.7,22.072302514508845,0,359.36,4.165902600016544,6,359.56,2.389272753769452,20,359.87,21.50782794568743,0,4.886110338524409,8.561942605663138,1.0262450755253785,55.39909219741821,feed_pitch_bottom_um,400
3.641729252753468,0.9915801284646629,15.337658249184217,321.88,20.63863785604538,0,322.32,20.456816187048762,0,358.7,22.072302514508845,0,359.36,5.011009454927009,2,359.56,2.389272753769452,20,359.87,21.50782794568743,0,4.118658733671459,8.561942605663138,1.0262450755253785,54.93443727493286,feed_pitch_bottom_um,800
,,,321.88,20.355059763226553,0,322.32,20.456816187048762,0,338.43,inf,0,341.94,8.000865794264236,4,342.0,7.546931873429314,8,342.05,inf,0,2.54410713623255,2.7106136016772093,nan,10.088037252426147,top_power_W,10.0
,,,321.88,20.355059763226553,0,322.32,20.456816187048762,0,358.7,22.072302514508845,0,359.36,4.165902600016544,6,359.56,2.389272753769452,20,359.87,21.50782794568743,0,4.886110338524409,8.561942605663138,1.0262450755253785,11.036846399307251,top_power_W,20.0
,,,321.88,20.355059763226553,0,322.32,20.456816187048762,0,378.98,0.7533282136717049,10,376.79,2.241723691807622,14,377.12,0.8604050122930097,58,377.7,0.8096927331018953,10,9.080093071958023,23.77579848417041,0.9303877667096498,11.073562145233154,top_power_W,30.0
,,,321.88,20.355059763226553,0,322.32,20.456816187048762,0,358.7,22.072302514508845,0,359.36,4.165902600016544,6,359.56,2.389272753769452,20,359.87,21.50782794568743,0,4.886110338524409,8.561942605663138,1.0262450755253785,11.103426218032837,layer_order,logic_top
,,,321.88,20.355059763226553,0,322.32,20.456816187048762,0,358.7,22.072302514508845,0,359.08,4.371484035495998,6,361.77,2.0867390099827348,20,364.6,21.72472669244163,0,4.656327141525756,9.80324616024599,1.015999088365431,11.008053541183472,layer_order,logic_bottom
1.8680297543833904,1.3726909637166482,16.14584922017357,321.88,20.472505354571332,0,322.32,20.515731399958135,0,358.7,23.785838498882,0,359.36,3.8457149540416307,6,359.56,3.1871649162996127,20,359.87,23.816539013917172,0,5.323458862455699,6.436984573668522,0.998710958169983,48.268133878707886,Ea_eV,0.84
1.3493941701284855,0.9915801284646629,15.337658249184217,321.88,20.355059763226553,0,322.32,20.456816187048762,0,358.7,22.072302514508845,0,359.36,4.165902600016544,6,359.56,2.389272753769452,20,359.87,21.50782794568743,0,4.886110338524409,8.561942605663138,1.0262450755253785,54.84681034088135,Ea_eV,0.86
0.5,0.5,3.230502175641405,321.88,inf,0,322.32,inf,0,358.7,20.381860301615205,0,359.36,62.041540977927895,0,359.56,50.90453290335733,0,359.87,19.285936131501504,0,inf,inf,1.0568250440445888,38.87362813949585,Ea_eV,1.0
0.5,0.5,0.6804261861408283,321.88,inf,0,322.32,inf,0,358.7,20.343480307504947,0,359.36,inf,0,359.56,inf,0,359.87,20.94163750163268,0,nan,nan,0.9714369425943363,38.881264209747314,Ea_eV,1.1
2.3335928093055545,1.7148023230418195,24.769059933056937,321.88,20.28496458005602,0,322.32,20.398517392902278,0,358.7,23.050020245158578,0,359.36,4.509239854965324,6,359.56,3.014406426248861,20,359.87,24.903198409923792,0,4.498533063775559,6.767009655790269,0.9255847327616065,57.63888597488403,sigma_crit_MPa,400
1.3493941701284855,0.9915801284646629,15.337658249184217,321.88,20.355059763226553,0,322.32,20.456816187048762,0,358.7,22.072302514508845,0,359.36,4.165902600016544,6,359.56,2.389272753769452,20,359.87,21.50782794568743,0,4.886110338524409,8.561942605663138,1.0262450755253785,55.137813091278076,sigma_crit_MPa,500
1.0086993943473426,0.741226171841195,11.079345270763021,321.88,20.113795494385336,0,322.32,20.24989355398418,0,358.7,20.897073313855824,0,359.36,4.52765454046738,6,359.56,2.510925605958818,20,359.87,19.386323878556485,0,4.442431575689304,8.06471267246151,1.0779286183787737,52.23875427246094,sigma_crit_MPa,600
1.197019465162582,0.8796100808169341,15.077353295045377,321.88,15.386873705005863,0,322.32,15.465027559187664,0,358.7,17.94416003739224,0,359.36,3.294935086923783,6,359.56,1.8115316169059126,20,359.87,17.32694316887401,0,4.669856400531203,8.536990144064864,1.0356217979422357,55.07466793060303,signoff_margin,1.5
1.3493941701284855,0.9915801284646629,15.337658249184217,321.88,20.355059763226553,0,322.32,20.456816187048762,0,358.7,22.072302514508845,0,359.36,4.165902600016544,6,359.56,2.389272753769452,20,359.87,21.50782794568743,0,4.886110338524409,8.561942605663138,1.0262450755253785,54.95255780220032,signoff_margin,2.0
1.6013205687169265,1.1767041020269489,15.871827953529884,321.88,30.403439814996798,0,322.32,30.562885092649125,0,358.7,35.51060826217699,0,359.36,5.751547581296428,4,359.56,3.931019907319935,20,359.87,35.05525523978207,0,5.28613201668823,7.774797842091339,1.0129895794305375,50.774128437042236,signoff_margin,3.0
