epoch,lr,train_mse,val_rel_l2_sG,val_rel_l2_sM,val_rel_l2_a,val_end_rel_l2_sG,val_end_rel_l2_sM,val_end_rel_l2_a,seconds
0,0.0010007251631617114,0.24916521109440692,0.14291298389434814,0.24595899879932404,0.06085272133350372,0.07942058145999908,0.20209404826164246,0.05119584873318672,2.6826021671295166
1,0.002,0.013514768522694717,0.08166494965553284,0.1537245512008667,0.04321465641260147,0.050063811242580414,0.13147515058517456,0.03533059358596802,5.083972454071045
2,0.0019997758425938958,0.0062072698897773304,0.05295635387301445,0.09353045374155045,0.02619791217148304,0.024462800472974777,0.07073983550071716,0.01728229597210884,7.464409351348877
3,0.0019991034713736583,0.004281180536447389,0.05635075271129608,0.09775924682617188,0.03504660725593567,0.040067270398139954,0.0806986466050148,0.03872373700141907,9.811032772064209
4,0.0019979831892880085,0.003421665040473572,0.03943108394742012,0.091464102268219,0.019967488944530487,0.020289091393351555,0.07756206393241882,0.013888993300497532,11.988659143447876
5,0.0019964155010998136,0.0028729097519381926,0.051777906715869904,0.10935214906930923,0.029787380248308182,0.040219299495220184,0.10188598185777664,0.03406928852200508,13.890161037445068
6,0.001994401113158658,0.0025261210722908206,0.037334296852350235,0.08419333398342133,0.024858571588993073,0.032131463289260864,0.07905364036560059,0.028878103941679,15.811697959899902
7,0.0019919409330825823,0.002216575081808664,0.03252546489238739,0.07989468425512314,0.01697566546499729,0.02295166440308094,0.07369872182607651,0.015629613772034645,17.831528425216675
8,0.001989036069349144,0.001967174392240831,0.03839023783802986,0.07065121084451675,0.015532693825662136,0.02946200966835022,0.06126481294631958,0.012203513644635677,19.768219709396362
9,0.00198568783079597,0.0018422878599753353,0.028229933232069016,0.06585145741701126,0.016495846211910248,0.01893005706369877,0.05634540691971779,0.015470389276742935,21.661045789718628
10,0.001981897726031038,0.0030119341706193207,0.027156660333275795,0.07861838489770889,0.016886461526155472,0.017909131944179535,0.07207844406366348,0.01551542617380619,23.538825511932373
11,0.0019776674627529477,0.0016031255534859517,0.02302851527929306,0.05716560035943985,0.012232101522386074,0.012787110172212124,0.04967943951487541,0.009667234495282173,25.5119788646698
12,0.0019729989469814847,0.0014495426397470109,0.02146988734602928,0.05201555788516998,0.012183887884020805,0.012883540242910385,0.04567012935876846,0.008895664475858212,27.485354900360107
13,0.0019678942821988316,0.0013336877526338546,0.02291957288980484,0.05260905623435974,0.01229130569845438,0.015732066705822945,0.04695709049701691,0.013800863176584244,29.92785120010376
14,0.001962355768401805,0.0013378784399002822,0.02543138526380062,0.04967281594872475,0.01340457797050476,0.0170420091599226,0.04277737811207771,0.011815307661890984,31.97960925102234
15,0.0019563859010655544,0.001674011158086616,0.022289250046014786,0.0507519505918026,0.012959068641066551,0.01580100692808628,0.044314999133348465,0.010448558256030083,33.874706745147705
16,0.0019499873700191792,0.0011067139149840686,0.022519225254654884,0.049405477941036224,0.013170755468308926,0.015271281823515892,0.04303945600986481,0.013779786415398121,35.84324264526367
17,0.0019431630582337788,0.0012176447613651041,0.020784500986337662,0.05465666577219963,0.011294976808130741,0.013516286388039589,0.04904557019472122,0.00833490677177906,38.312756061553955
18,0.0019359160405234802,0.0013223392730193826,0.020434578880667686,0.05619574338197708,0.011482001282274723,0.015202417969703674,0.05099818855524063,0.012025920674204826,40.37172603607178
19,0.001928249582160027,0.0011833621817252627,0.01921374537050724,0.04825751483440399,0.01057345699518919,0.012481221929192543,0.043481599539518356,0.010299209505319595,42.665664196014404
20,0.0019201671374015502,0.0011598710459082956,0.017737718299031258,0.05733867362141609,0.010996904224157333,0.011290643364191055,0.05351758748292923,0.008153155446052551,44.5531268119812
21,0.0019116723479361952,0.0011911267316381854,0.017558526247739792,0.038705695420503616,0.009542424231767654,0.011286402121186256,0.033111322671175,0.006297913379967213,46.45311498641968
22,0.0019027690412412922,0.0010446735504824544,0.018419094383716583,0.0469428226351738,0.012101175263524055,0.01154359057545662,0.041714929044246674,0.010672081261873245,48.377399921417236
23,0.0018934612288588207,0.0012901067306219038,0.01800825446844101,0.04237547144293785,0.011507164686918259,0.01159578561782837,0.03751477226614952,0.010102922096848488,50.763943910598755
24,0.0018837531045879363,0.0010208854399392877,0.01792752929031849,0.04153604060411453,0.00993201695382595,0.011361507698893547,0.03451218828558922,0.008298683911561966,53.213366746902466
25,0.0018736490425953823,0.0010154366653116773,0.015366354025900364,0.04392331466078758,0.008668933995068073,0.008990378119051456,0.040275637060403824,0.006472066510468721,55.55093002319336
26,0.0018631535954446307,0.0009241282486659357,0.016543928533792496,0.04205829277634621,0.010892998427152634,0.011016028933227062,0.03816162049770355,0.008568627759814262,57.41346859931946
27,0.0018522714920446446,0.0010325090421574425,0.021486733108758926,0.053498752415180206,0.01336932834237814,0.013573757372796535,0.04854389652609825,0.012073897756636143,59.3664391040802
28,0.0018410076355191856,0.0008911682576723829,0.015132277272641659,0.04337605834007263,0.00820168387144804,0.009403103031218052,0.03983418270945549,0.005876180250197649,61.206464767456055
29,0.001829367100997623,0.000979095840896024,0.015306476503610611,0.03855554759502411,0.008768120780587196,0.008820590563118458,0.03377318009734154,0.006274808198213577,63.298152446746826
30,0.0018173551333282461,0.0008376772484493572,0.014167213812470436,0.03387816622853279,0.008724022656679153,0.007931234315037727,0.029422756284475327,0.005741426255553961,65.5430428981781
31,0.001804977144715106,0.0008509980791522409,0.020382434129714966,0.046776846051216125,0.008649075403809547,0.012723751366138458,0.04238088056445122,0.006469822954386473,68.1417064666748
32,0.0017922387122794486,0.0008705649897852944,0.013633719645440578,0.03350434824824333,0.00735402712598443,0.007798855192959309,0.029093120247125626,0.005126717034727335,70.32714104652405
33,0.0017791455755468474,0.0008518200311570869,0.016380691900849342,0.06294932961463928,0.008129219524562359,0.012236930429935455,0.061403434723615646,0.006791295949369669,72.21556329727173
34,0.0017657036338611571,0.0009712621639934324,0.017697449773550034,0.045742470771074295,0.008308427408337593,0.010888180695474148,0.04269079491496086,0.007583423051983118,74.12192153930664
35,0.0017519189437264606,0.0006950065343463631,0.01528972014784813,0.062194980680942535,0.010981621220707893,0.010230006650090218,0.059299129992723465,0.008690478280186653,76.12958025932312
36,0.0017377977160782047,0.0007340223930601032,0.011517548933625221,0.028202442452311516,0.00638966029509902,0.006694080773741007,0.02469756454229355,0.0047634742222726345,78.27771162986755
37,0.0017233463134847518,0.0007203595779240678,0.01437900960445404,0.05006861686706543,0.007458794862031937,0.010141625069081783,0.048475321382284164,0.005659939255565405,80.52139973640442
38,0.0017085712472806147,0.0007041816463771812,0.013591352850198746,0.035285353660583496,0.008149903267621994,0.009289235807955265,0.03210531547665596,0.0062035489827394485,82.93822884559631
39,0.0016934791746326587,0.0006690234592040235,0.012814722023904324,0.029292646795511246,0.007128939963877201,0.007049989886581898,0.025397732853889465,0.005134159699082375,84.88061833381653
40,0.0016780768955405967,0.0006541187664006983,0.017716022208333015,0.042642802000045776,0.008137172088027,0.013816114515066147,0.039114292711019516,0.006261532660573721,86.75466299057007
41,0.001662371349773131,0.0006392270150936145,0.015368352644145489,0.05753951892256737,0.007063583470880985,0.010867440141737461,0.05493618920445442,0.005211012437939644,88.6265561580658
42,0.001646369613741118,0.000631328514600517,0.014178105629980564,0.04083695262670517,0.006682500243186951,0.010199791751801968,0.038892220705747604,0.0051683359779417515,90.86527228355408
43,0.0016300788973091641,0.0005535188411963371,0.011144359596073627,0.039741478860378265,0.0082376254722476,0.007535975892096758,0.037469349801540375,0.008240860886871815,92.93907284736633
44,0.001613506540547097,0.0007192161256019255,0.010523148812353611,0.025202995166182518,0.005736473482102156,0.006114926654845476,0.02144133672118187,0.004095737356692553,94.93055486679077
45,0.0015966600104227653,0.0005407737964858619,0.010905507020652294,0.024539805948734283,0.005176765378564596,0.006405157502740622,0.022046664729714394,0.003469774266704917,96.81487822532654
46,0.0015795468974376654,0.0005616441429332655,0.011454389430582523,0.023940013721585274,0.0073479218408465385,0.006608025636523962,0.0202401801943779,0.005736875347793102,98.70736694335938
47,0.0015621749122069074,0.0005418822710162388,0.011417428962886333,0.02427767403423786,0.007056710310280323,0.007390002254396677,0.0206102654337883,0.004841854330152273,100.62018847465515
48,0.0015445518819850606,0.00047319607622913027,0.01220580842345953,0.03005371242761612,0.005941339302808046,0.006963933818042278,0.026477614417672157,0.004738041665405035,102.51367783546448
49,0.0015266857471394456,0.0004892743542661081,0.009949556551873684,0.024952325969934464,0.007802866864949465,0.0066107031889259815,0.022429149597883224,0.0065557886846363544,105.31671357154846
50,0.0015085845575724631,0.0005027057453240332,0.009184431284666061,0.025285543873906136,0.004599053878337145,0.005106825847178698,0.023194551467895508,0.0027822519186884165,108.02114939689636
51,0.0014902564690945665,0.000516308319498768,0.021308686584234238,0.04640819504857063,0.009478995576500893,0.01624269038438797,0.04230009764432907,0.008162491023540497,110.62058305740356
52,0.0014717097397495189,0.0004884622255268883,0.013387242332100868,0.031521111726760864,0.006497970782220364,0.009233199059963226,0.028169646859169006,0.00523645943030715,112.64485907554626
53,0.001452952726093585,0.0004760334146963946,0.010285642929375172,0.026995336636900902,0.005360085517168045,0.005366344470530748,0.023833341896533966,0.003912110812962055,114.46193957328796
54,0.0014339938794303375,0.0004193127201724459,0.0142293032258749,0.036219872534275055,0.007964881137013435,0.010163797996938229,0.03313886374235153,0.007161781657487154,116.30461955070496
55,0.0014148417420027728,0.0004651163848903958,0.014828751794993877,0.04454430192708969,0.009887399151921272,0.009917247109115124,0.04150433465838432,0.008250747807323933,118.62191390991211
56,0.001395504943144453,0.00042836867944352454,0.008786942809820175,0.025089982897043228,0.004898044280707836,0.005030609667301178,0.022939786314964294,0.0034531180281192064,121.07220411300659
57,0.0013759921953914072,0.00041733101113673884,0.010108261369168758,0.026369113475084305,0.006606490351259708,0.006395844742655754,0.024073315784335136,0.005346282385289669,122.95392322540283
58,0.0013563122905565445,0.0003965182843272986,0.015459880232810974,0.04649466276168823,0.009901152923703194,0.00906215701252222,0.04166446998715401,0.006548170465976,124.78825545310974
59,0.0013364740957683473,0.0003753368475268348,0.00896767619997263,0.02574472874403,0.0045175086706876755,0.005228917580097914,0.023220786824822426,0.003565865568816662,127.06715679168701
60,0.0013164865494756312,0.0003889776283353898,0.01064208522439003,0.0387965627014637,0.007055357564240694,0.007383329793810844,0.03721722587943077,0.004722552374005318,129.63431787490845
61,0.0012963586574201676,0.00035551708658202027,0.009399049915373325,0.01830197498202324,0.004354062024503946,0.005841707810759544,0.015409872867166996,0.003159313928335905,131.930992603302
62,0.0012760994885789888,0.0003486232730675069,0.00921973679214716,0.022501708939671516,0.004873177967965603,0.005492871627211571,0.019380470737814903,0.0033317608758807182,134.4837486743927
63,0.0012557181710781996,0.0003627409216734862,0.010434208437800407,0.033162519335746765,0.006781573407351971,0.0065399277955293655,0.03085770457983017,0.005893485154956579,137.05858707427979
64,0.00123522388808014,0.0003717522620763076,0.010033256374299526,0.03187686204910278,0.005017472431063652,0.006303918547928333,0.02920307032763958,0.0037314477376639843,138.9754843711853
65,0.0012146258736457478,0.0003147047722743057,0.011572510004043579,0.0272787194699049,0.005721474997699261,0.008091091178357601,0.025414710864424706,0.004082306753844023,140.82069778442383
66,0.0011939334085739911,0.00035128862587825385,0.009073987603187561,0.020630519837141037,0.004275608342140913,0.004884903784841299,0.017338953912258148,0.002936864970251918,142.6453082561493
67,0.00117315581622024,0.00029642713859509654,0.00817404966801405,0.019483894109725952,0.004371569491922855,0.004339518956840038,0.016817480325698853,0.0029242835007607937,144.52085828781128
68,0.001152302458295463,0.00029836296780321337,0.007347270846366882,0.03233976289629936,0.004054055083543062,0.004056593868881464,0.033315349370241165,0.0028370325453579426,146.46127247810364
69,0.0011313827306481444,0.0002872981996699442,0.01086875144392252,0.04925183951854706,0.006932828109711409,0.006362217478454113,0.04792678356170654,0.004013833124190569,148.78187537193298
70,0.001110406059030819,0.000293538931037868,0.008026568219065666,0.026459133252501488,0.004801222123205662,0.004520752467215061,0.024332311004400253,0.0038381661288440228,151.362122297287
71,0.0010893818948531319,0.0002755372591034399,0.015856735408306122,0.05187658593058586,0.004802312236279249,0.011843880638480186,0.047607406973838806,0.004035602323710918,153.758531332016
72,0.0010683197109233392,0.0002784596912879338,0.008284738287329674,0.016386721283197403,0.003927749115973711,0.00511766504496336,0.013664613477885723,0.002794698579236865,156.0350649356842
73,0.0010472289971801675,0.00026260843057859253,0.007482915185391903,0.020732851698994637,0.004274281673133373,0.004004220478236675,0.01837579533457756,0.0029615708626806736,158.291583776474
74,0.0010261192564169554,0.00026622068995715067,0.006525872275233269,0.01404247060418129,0.003444354748353362,0.0031874882988631725,0.011681613512337208,0.0024168475065380335,160.28727674484253
75,0.001005,0.00026071996792841165,0.006807140074670315,0.012141266837716103,0.003186812624335289,0.003780094441026449,0.00939254555851221,0.0021222014911472797,162.1367964744568
76,0.0009838807435830444,0.00021402302368197414,0.008048970252275467,0.022586936131119728,0.0057674734853208065,0.00535504799336195,0.020411990582942963,0.004740655887871981,164.09991908073425
77,0.0009627710028198327,0.0002034853396866676,0.007257295306771994,0.01501788105815649,0.0037721735425293446,0.004390287213027477,0.012840968556702137,0.0024950923398137093,166.49461841583252
78,0.000941680289076661,0.0002689790310046637,0.00698302173987031,0.01835954375565052,0.0035497499629855156,0.003939872141927481,0.01677626557648182,0.0024200023617595434,169.2946789264679
79,0.0009206181051468688,0.00018859433241088405,0.009336039423942566,0.03028109297156334,0.005987180862575769,0.006518602836877108,0.027309590950608253,0.00562836742028594,171.74428510665894
80,0.0008995939409691811,0.00018976758078458324,0.007854482159018517,0.017728248611092567,0.005306066479533911,0.00476909801363945,0.01518961414694786,0.004500063136219978,173.95540499687195
81,0.0008786172693518556,0.00019614845647206384,0.008665148168802261,0.02620505541563034,0.004010817967355251,0.005407420918345451,0.024891231209039688,0.003123305272310972,176.23724937438965
82,0.0008576975417045374,0.00017877568675387796,0.00772126903757453,0.016612887382507324,0.0037517365999519825,0.004990261048078537,0.014213730581104755,0.0029410317074507475,178.17121863365173
83,0.0008368441837797604,0.00017041417974563762,0.006770364474505186,0.015929076820611954,0.003452631877735257,0.003884373465552926,0.014108756557106972,0.0022563100792467594,180.30723667144775
84,0.0008160665914260087,0.0001834531358959936,0.008660673163831234,0.03386817127466202,0.0059299105778336525,0.005836185533553362,0.032845642417669296,0.005835988558828831,182.40456366539001
85,0.0007953741263542526,0.00018197791142207423,0.005851016379892826,0.011761194095015526,0.003155824728310108,0.0031197865027934313,0.009443884715437889,0.002317404141649604,184.41828870773315
86,0.0007747761119198603,0.00015279672331375255,0.0065154265612363815,0.01442653313279152,0.003100915811955929,0.0038240558933466673,0.012808597646653652,0.0021624555811285973,186.3770730495453
87,0.0007542818289218006,0.0001616857698826672,0.0059362719766795635,0.014638972468674183,0.003216932527720928,0.0032397510949522257,0.012937263585627079,0.002270433818921447,188.32756400108337
88,0.0007339005114210113,0.00014076128276029114,0.005514849908649921,0.010681737214326859,0.0031357333064079285,0.0028038774617016315,0.008599934168159962,0.002347631612792611,190.27401900291443
89,0.0007136413425798324,0.00015436521377185265,0.00605424540117383,0.012870032340288162,0.0031162297818809748,0.003211325965821743,0.010377563536167145,0.0019862556364387274,192.56115460395813
90,0.000693513450524369,0.00014141061083064625,0.005453465040773153,0.011579735204577446,0.0028401119634509087,0.003052920801565051,0.009623609483242035,0.001982862362638116,194.51169872283936
91,0.0006735259042316528,0.00012043168696803983,0.005680948030203581,0.011675498448312283,0.0031548331025987864,0.0031079044565558434,0.009729939512908459,0.0020605300087481737,197.41351556777954
92,0.0006536877094434557,0.00015616296709011505,0.006015496794134378,0.017278209328651428,0.0034481955226510763,0.003296863054856658,0.0158612709492445,0.002585417591035366,199.7437038421631
93,0.0006340078046085931,0.00011945643820793977,0.006304821465164423,0.013928871601819992,0.003421069122850895,0.003938543144613504,0.011613021604716778,0.0025525547098368406,201.92590713500977
94,0.0006144950568555471,0.00011065374691180474,0.005317287519574165,0.011547044850885868,0.0027488055638968945,0.0027836929075419903,0.009441226720809937,0.001981604378670454,204.7965693473816
95,0.0005951582579972275,0.0001095641070194891,0.007813263684511185,0.023035425692796707,0.003341816598549485,0.005562372040003538,0.021793417632579803,0.002459028735756874,207.7334098815918
96,0.0005760061205696627,0.00010153309255344537,0.007426041178405285,0.03325044736266136,0.003273778362199664,0.005213317461311817,0.03306461125612259,0.0025652609765529633,210.49483156204224
97,0.000557047273906415,8.635117004837099e-05,0.005135775078088045,0.008561784401535988,0.002841611159965396,0.0028728109318763018,0.006096542812883854,0.0020197865087538958,212.37082982063293
98,0.0005382902602504814,0.00010313099442400879,0.005111080594360828,0.010013135150074959,0.0033333373721688986,0.002602983731776476,0.007653858978301287,0.0026427789125591516,214.250093460083
99,0.0005197435309054339,8.851977206577589e-05,0.005066906567662954,0.009977100417017937,0.0026557580567896366,0.0028458258602768183,0.00801805779337883,0.002078835153952241,216.12235951423645
100,0.0005014154424275368,9.140592922490837e-05,0.007040601689368486,0.01639784872531891,0.0036829744931310415,0.004366844892501831,0.013577839359641075,0.002963475650176406,218.35970306396484
101,0.00048331425286055464,7.773710139367784e-05,0.004974014591425657,0.010062110610306263,0.002715185284614563,0.002632085233926773,0.00821012631058693,0.0020716977305710316,220.6438431739807
102,0.00046544811801493965,7.801571641876229e-05,0.004908242262899876,0.009453690610826015,0.0024227784015238285,0.0026943236589431763,0.007331336382776499,0.0014680580934509635,223.24417638778687
103,0.0004478250877930927,7.409542063185079e-05,0.004915647674351931,0.008944270201027393,0.0024068355560302734,0.0024842633865773678,0.006775669753551483,0.0015786414733156562,225.7331042289734
104,0.0004304531025623346,7.476130392889895e-05,0.005040132440626621,0.010103746317327023,0.002641177037730813,0.002707689069211483,0.007874814793467522,0.0018642027862370014,228.17323279380798
105,0.00041333998957723486,7.033082030112402e-05,0.004776790738105774,0.010294538922607899,0.002436998998746276,0.0024180803447961807,0.008509773761034012,0.001615166780538857,230.75199556350708
106,0.0003964934594529034,6.443092728431196e-05,0.005289630498737097,0.0113075478002429,0.0028607218991965055,0.0032008932903409004,0.0097211804240942,0.0022650917526334524,233.02078080177307
107,0.0003799211026908359,5.8512199498851295e-05,0.0046790060587227345,0.010092840529978275,0.0023816179018467665,0.002393277594819665,0.00857576634734869,0.0015723119722679257,234.8651955127716
108,0.000363630386258882,6.441522459908976e-05,0.0045059132389724255,0.008253844454884529,0.0025316167157143354,0.0022473351564258337,0.006295850034803152,0.0017842159140855074,236.70489978790283
109,0.00034762865022686915,6.322617284809067e-05,0.004443347919732332,0.009090990759432316,0.00225886725820601,0.0021112486720085144,0.0070886919274926186,0.001480444916523993,238.72948360443115
110,0.0003319231044594037,4.7525736189619055e-05,0.004453811328858137,0.00810434389859438,0.002367845270782709,0.00216811359860003,0.005860105622559786,0.001498074852861464,241.96014261245728
111,0.0003165208253673417,4.969702489658305e-05,0.004404240753501654,0.007473371457308531,0.0021417858079075813,0.002263446105644107,0.005192042328417301,0.0013248194009065628,244.55265831947327
112,0.0003014287527193853,4.4926081514157366e-05,0.004637151025235653,0.009681232273578644,0.002297178143635392,0.002769390121102333,0.007910456508398056,0.001596884336322546,247.0816729068756
113,0.00028665368651524824,5.0397765444042235e-05,0.004303907044231892,0.009091965854167938,0.0021505404729396105,0.0021691499277949333,0.007311265915632248,0.001382960588671267,249.1689646244049
114,0.00027220228392179545,4.587199399832375e-05,0.004575471393764019,0.009480701759457588,0.002257267478853464,0.002262711524963379,0.007751618046313524,0.0014078946551308036,251.33759665489197
115,0.0002580810562735392,4.103944083934954e-05,0.00445986445993185,0.007667627651244402,0.0021385475993156433,0.0022493244614452124,0.005588353145867586,0.0013512768782675266,253.5886368751526
116,0.00024429636613884317,3.647150378411511e-05,0.004158432595431805,0.0075260852463543415,0.002062617801129818,0.001996428007259965,0.005590657237917185,0.0012768201995640993,256.5091850757599
117,0.0002308544244531529,3.4890014439932424e-05,0.004294513259083033,0.008063443936407566,0.0022830821108072996,0.002150507178157568,0.006125515792518854,0.0015442034928128123,259.59913754463196
118,0.00021776128772055137,3.884633433587371e-05,0.0042327153496444225,0.007945835590362549,0.002130270702764392,0.0021791718900203705,0.006199785508215427,0.0014939459506422281,262.51995182037354
119,0.00020502285528489428,3.1263374165445516e-05,0.004012569785118103,0.007071095518767834,0.0020686667412519455,0.0018457742407917976,0.004897325299680233,0.0013113025343045592,264.35325813293457
120,0.00019264486667175382,3.2442349463717836e-05,0.0040461053140461445,0.007399053778499365,0.0020062257535755634,0.001946333097293973,0.005398408509790897,0.0012122771004214883,266.2214524745941
121,0.00018063289900237714,2.9581682848455545e-05,0.00400717556476593,0.007503855973482132,0.0020330040715634823,0.001897225040011108,0.005650333594530821,0.0013058793265372515,268.10609436035156
122,0.00016899236448081448,3.1924664104680314e-05,0.003939583897590637,0.007329829502850771,0.0020926792640239,0.0018524080514907837,0.005542036611586809,0.001363443792797625,270.6879940032959
123,0.00015772850795535526,2.5222889252817737e-05,0.004173220135271549,0.008399584330618382,0.00232499185949564,0.00218719569966197,0.006798496935516596,0.0019043118227273226,273.19646644592285
124,0.00014684640455536957,2.6011059352501425e-05,0.004040615167468786,0.008684528060257435,0.0019873538985848427,0.0020210775546729565,0.0070407516323029995,0.0012315685162320733,275.5961630344391
125,0.00013635095740461778,2.4580964407998565e-05,0.003846642328426242,0.007042159792035818,0.0019865615759044886,0.0017494900384917855,0.005123449023813009,0.0012374272337183356,277.61193013191223
126,0.00012624689541206372,2.327098478850264e-05,0.003933787811547518,0.007246434688568115,0.0019626158755272627,0.0018944548210129142,0.005382932722568512,0.0012424354208633304,279.81694078445435
127,0.00011653877114117946,2.2347942768087103e-05,0.0038976017385721207,0.006853488739579916,0.0019159819930791855,0.001881225616671145,0.005033673252910376,0.0012005433673039079,282.0697979927063
128,0.00010723095875870788,2.2108276291684778e-05,0.0038630396593362093,0.007757873740047216,0.0019367813365533948,0.0018532684771344066,0.006190970540046692,0.0012277030618861318,285.0872371196747
129,9.832765206380487e-05,2.1086453066368796e-05,0.003795192576944828,0.007018931210041046,0.0019157862989231944,0.0017423544777557254,0.005147143267095089,0.0011833820026367903,288.0545485019684
130,8.983286259844996e-05,2.0038147564769564e-05,0.003737285966053605,0.006168784573674202,0.0019206433789804578,0.0017329123802483082,0.003990184981375933,0.0011920115211978555,290.6928017139435
131,8.17504178399732e-05,1.900334669030312e-05,0.0037202255334705114,0.006253225728869438,0.0018400275148451328,0.0016973353922367096,0.00423411512747407,0.0011067497543990612,292.6896696090698
132,7.408395947651976e-05,1.8189787149055848e-05,0.003718092106282711,0.006554224994033575,0.0018882377771660686,0.0017329190159216523,0.00456099072471261,0.0012110010720789433,294.536169052124
133,6.683694176622122e-05,1.7767273267167186e-05,0.003690648591145873,0.005961562506854534,0.001841080724261701,0.0016990440199151635,0.003770008683204651,0.0011297697201371193,296.43070340156555
134,6.0012629980820786e-05,1.771207120396336e-05,0.0036590266972780228,0.005849553272128105,0.0018345466814935207,0.0016474907752126455,0.003646885510534048,0.0010990549344569445,298.7676753997803
135,5.3614098934445406e-05,1.6727099376325193e-05,0.003696912433952093,0.005787425674498081,0.0018145379144698381,0.001720545464195311,0.0034853715915232897,0.0010786245111376047,300.8171954154968
136,4.764423159819489e-05,1.6293482263082457e-05,0.0036554415710270405,0.006184842437505722,0.0018214876763522625,0.0016900753835216165,0.004221174865961075,0.0010881406487897038,302.8091232776642
137,4.210571780116862e-05,1.5994506682834635e-05,0.0035987552255392075,0.005755467806011438,0.0018010690109804273,0.0015875452663749456,0.0035660446155816317,0.0010887555545195937,304.9001154899597
138,3.7001053018515305e-05,1.558706306615834e-05,0.003605918027460575,0.005639494396746159,0.0017913089832291007,0.0016104689566418529,0.0033559980802237988,0.0010526464320719242,307.15828561782837
139,3.233253724705229e-05,1.5162587706923168e-05,0.0035866904072463512,0.0056749568320810795,0.0017745360964909196,0.0016289844643324614,0.0034364943858236074,0.001049610786139965,309.3877718448639
140,2.8102273968961886e-05,1.50202567879868e-05,0.0035583258140832186,0.0056275855749845505,0.0017722162883728743,0.0015624562511220574,0.003354286076501012,0.0010522300144657493,311.71914315223694
141,2.4312169204030087e-05,1.4576375703204315e-05,0.003553907386958599,0.005541200749576092,0.0017640976002439857,0.001569220912642777,0.0032188070472329855,0.0010346043854951859,314.18474197387695
142,2.0963930650855895e-05,1.4331184138823208e-05,0.003556775627657771,0.005625756457448006,0.001777792233042419,0.0015815694350749254,0.003368995850905776,0.0010474099544808269,317.19208788871765
143,1.805906691741755e-05,1.4176822111353592e-05,0.003547233296558261,0.0055086323991417885,0.0017556828679516912,0.0015864118468016386,0.0031979402992874384,0.0010277362307533622,319.4600579738617
144,1.5598886841342057e-05,1.3989377975206976e-05,0.0035219951532781124,0.005425300914794207,0.001750425435602665,0.001538889016956091,0.0030417803209275007,0.0010248238686472178,321.7097909450531
145,1.3584498900186111e-05,1.3861505231548679e-05,0.003525344654917717,0.005522699095308781,0.001752154086716473,0.0015544203342869878,0.0032358423341065645,0.0010281456634402275,323.78848695755005
146,1.201681071199153e-05,1.369849202650119e-05,0.003533054841682315,0.005944891832768917,0.0017662971513345838,0.0015678341733291745,0.003964860923588276,0.0010580441448837519,325.7247242927551
147,1.0896528626341992e-05,1.3644215753717115e-05,0.0035146810114383698,0.005459389183670282,0.0017555004451423883,0.0015346662839874625,0.0031401370652019978,0.0010538666974753141,327.8653898239136
148,1.0224157406104419e-05,1.3524175016509175e-05,0.0035059968940913677,0.005427801515907049,0.0017434300389140844,0.0015327439177781343,0.0030724124517291784,0.0010214841458946466,329.70153737068176
149,1e-05,1.3492150297320686e-05,0.0035032425075769424,0.005381347145885229,0.0017381057841703296,0.0015221756184473634,0.0029966356232762337,0.0010088484268635511,331.55124616622925
